date, title, edition, archive, filename, search term, sequence
1771,"Encyclopaedia Britannica; or, A dictionary of arts and sciences, compiled upon a new plan","First edition, 1771, Volume 1, A-B",/home/tdm/datasets/encyclopaedia-britannica-sample/144133901,alto/188082826.34.xml,edinburgh,"['of', 'gentlemen', 'in', 'scotland', 'in', 'three', 'volume', 's', 'vol', 'i', 'edinburgh', 'printed', 'for', 'a', 'bell', 'and', 'c', 'macearquhar', 'aid', 'sold', 'by']"
1771,"Encyclopaedia Britannica; or, A dictionary of arts and sciences, compiled upon a new plan","First edition, 1771, Volume 1, A-B",/home/tdm/datasets/encyclopaedia-britannica-sample/144133901,alto/188082826.34.xml,scotland,"['hundred', 'and', 'sixty', 'copperplates', 'fry', 'a', 'society', 'of', 'gentlemen', 'in', 'scotland', 'in', 'three', 'volume', 's', 'vol', 'i', 'edinburgh', 'printed', 'for', 'a']"
1771,"Encyclopaedia Britannica; or, A dictionary of arts and sciences, compiled upon a new plan","First edition, 1771, Volume 1, A-B",/home/tdm/datasets/encyclopaedia-britannica-sample/144133901,alto/188082878.34.xml,scotland,"['botanici', 'le', 'grand', 'encyclopedic', 'erskines', 'inftitutes', 'of', 'the', 'law', 'of', 'scotland', 'essays', 'on', 'husbandry', 'foreign', 'eflays', 'on', 'agriculture', 'essays', 'physical', 'and']"
1771,"Encyclopaedia Britannica; or, A dictionary of arts and sciences, compiled upon a new plan","First edition, 1771, Volume 1, A-B",/home/tdm/datasets/encyclopaedia-britannica-sample/144133901,alto/188082930.34.xml,edinburgh,"['scotland', 'situated', 'in', 'the', 'county', 'of', 'angus', 'about', 'milesnorth', 'of', 'edinburgh', 'its', 'west', 'long', 'is', 'and', 'n', 'lat', 'there', 'was', 'formerly']"
1771,"Encyclopaedia Britannica; or, A dictionary of arts and sciences, compiled upon a new plan","First edition, 1771, Volume 1, A-B",/home/tdm/datasets/encyclopaedia-britannica-sample/144133901,alto/188082930.34.xml,scotland,"['near', 'the', 'danube', 'aberbrothock', 'one', 'of', 'the', 'royal', 'boroughs', 'of', 'scotland', 'situated', 'in', 'the', 'county', 'of', 'angus', 'about', 'milesnorth', 'of', 'edinburgh']"
1771,"Encyclopaedia Britannica; or, A dictionary of arts and sciences, compiled upon a new plan","First edition, 1771, Volume 1, A-B",/home/tdm/datasets/encyclopaedia-britannica-sample/144133901,alto/188082930.34.xml,scotland,"['lat', 'there', 'was', 'formerly', 'one', 'of', 'the', 'richest', 'monasteries', 'in', 'scotland', 'in', 'this', 'town', 'it', 'was', 'founded', 'by', 'king', 'william', 'of']"
1771,"Encyclopaedia Britannica; or, A dictionary of arts and sciences, compiled upon a new plan","First edition, 1771, Volume 1, A-B",/home/tdm/datasets/encyclopaedia-britannica-sample/144133901,alto/188082930.34.xml,scotland,"['in', 'this', 'town', 'it', 'was', 'founded', 'by', 'king', 'william', 'of', 'scotland', 'about', 'the', 'year', 'o', 'in', 'honour', 'of', 'thomas', 'becket', 'archbiffiop']"
1771,"Encyclopaedia Britannica; or, A dictionary of arts and sciences, compiled upon a new plan","First edition, 1771, Volume 1, A-B",/home/tdm/datasets/encyclopaedia-britannica-sample/144133901,alto/188082943.34.xml,edinburgh,"['the', 'frith', 'of', 'forth', 'about', 'ten', 'miles', 'n', 'w', 'of', 'edinburgh', 'abergaveny', 'in', 'monmouthfhire', 'england', 'a', 'wellbuilt', 'town', 'lying', 'miles', 'w']"
1771,"Encyclopaedia Britannica; or, A dictionary of arts and sciences, compiled upon a new plan","First edition, 1771, Volume 1, A-B",/home/tdm/datasets/encyclopaedia-britannica-sample/144133901,alto/188082943.34.xml,scotland,"['by', 'king', 'john', 'aberdeen', 'the', 'name', 'of', 'two', 'cities', 'in', 'scotland', 'called', 'the', 'old', 'and', 'new', 'towns', 'situated', 'on', 'the', 'german']"
1771,"Encyclopaedia Britannica; or, A dictionary of arts and sciences, compiled upon a new plan","First edition, 1771, Volume 1, A-B",/home/tdm/datasets/encyclopaedia-britannica-sample/144133901,alto/188082943.34.xml,scotland,"['by', 'very', 'able', 'profefiors', 'aberdour', 'a', 'small', 'town', 'in', 'fifdhire', 'scotland', 'on', 'the', 'frith', 'of', 'forth', 'about', 'ten', 'miles', 'n', 'w']"
1771,"Encyclopaedia Britannica; or, A dictionary of arts and sciences, compiled upon a new plan","First edition, 1771, Volume 1, A-B",/home/tdm/datasets/encyclopaedia-britannica-sample/144133901,alto/188082995.34.xml,woman,"['that', 'furrounc', 't', 'it', 'in', 'the', 'same', 'manner', 'a', 'beautiful', 'woman', 'in', 'a', 'crowd', 'abftra', 'as', 'our', 'thoughts', 'and', 'engrosses', 'our']"
1771,"Encyclopaedia Britannica; or, A dictionary of arts and sciences, compiled upon a new plan","First edition, 1771, Volume 1, A-B",/home/tdm/datasets/encyclopaedia-britannica-sample/144133901,alto/188083021.34.xml,edinburgh,"['of', 'arts', 'and', 'the', 'academy', 'of', 'painting', 'in', 'scotland', 'the', 'edinburgh', 'society', 'college', 'of', 'phylicians', 'and', 'musical', 'society', 'all', 'which', 'see']"
1771,"Encyclopaedia Britannica; or, A dictionary of arts and sciences, compiled upon a new plan","First edition, 1771, Volume 1, A-B",/home/tdm/datasets/encyclopaedia-britannica-sample/144133901,alto/188083021.34.xml,scotland,"['the', 'encouragement', 'of', 'arts', 'and', 'the', 'academy', 'of', 'painting', 'in', 'scotland', 'the', 'edinburgh', 'society', 'college', 'of', 'phylicians', 'and', 'musical', 'society', 'all']"
1771,"Encyclopaedia Britannica; or, A dictionary of arts and sciences, compiled upon a new plan","First edition, 1771, Volume 1, A-B",/home/tdm/datasets/encyclopaedia-britannica-sample/144133901,alto/188083037.34.xml,woman,"['menage', 'academy', 'figure', 'a', 'drawing', 'of', 'a', 'naked', 'man', 'or', 'woman', 'taken', 'from', 'the', 'life', 'which', 'is', 'usually', 'done', 'on', 'paper']"
1771,"Encyclopaedia Britannica; or, A dictionary of arts and sciences, compiled upon a new plan","First edition, 1771, Volume 1, A-B",/home/tdm/datasets/encyclopaedia-britannica-sample/144133901,alto/188083180.34.xml,scotland,"['of', 'yards', 'each', 'that', 'is', 'square', 'yards', 'an', 'acre', 'in', 'scotland', 'contains', 'square', 'roods', 'square', 'rood', 'is', 'square', 'falls', 'square', 'fall']"
1771,"Encyclopaedia Britannica; or, A dictionary of arts and sciences, compiled upon a new plan","First edition, 1771, Volume 1, A-B",/home/tdm/datasets/encyclopaedia-britannica-sample/144133901,alto/188083180.34.xml,scotland,"['statute', 'acre', 'is', 'about', 'roods', 'and', 'falls', 'standard', 'measure', 'of', 'scotland', 'a', 'creme', 'in', 'old', 'lawbooks', 'signifies', 'ten', 'acres', 'of', 'land']"
1771,"Encyclopaedia Britannica; or, A dictionary of arts and sciences, compiled upon a new plan","First edition, 1771, Volume 1, A-B",/home/tdm/datasets/encyclopaedia-britannica-sample/144133901,alto/188083206.34.xml,woman,"['they', 'were', 'kept', 'in', 'the', 'treasury', 'of', 'saturnus', 'actress', 'a', 'woman', 'who', 'performs', 'a', 'part', 'upon', 'the', 'stage', 'women', 'adors', 'wene']"
1771,"Encyclopaedia Britannica; or, A dictionary of arts and sciences, compiled upon a new plan","First edition, 1771, Volume 1, A-B",/home/tdm/datasets/encyclopaedia-britannica-sample/144133901,alto/188083284.34.xml,scotland,"['a', 'kingdom', 'or', 'state', 'high', 'admiral', 'in', 'the', 'law', 'of', 'scotland', 'a', 'judge', 'inverted', 'with', 'supreme', 'jurifdiftion', 'in', 'all', 'maritime', 'causes']"
1771,"Encyclopaedia Britannica; or, A dictionary of arts and sciences, compiled upon a new plan","First edition, 1771, Volume 1, A-B",/home/tdm/datasets/encyclopaedia-britannica-sample/144133901,alto/188083284.34.xml,scotland,"['judge', 'inverted', 'with', 'supreme', 'jurifdiftion', 'in', 'all', 'maritime', 'causes', 'within', 'scotland', 'see', 'law', 'title', 'supreme', 'judges', 'and', 'courts', 'of', 'scotland', 'admiral']"
1771,"Encyclopaedia Britannica; or, A dictionary of arts and sciences, compiled upon a new plan","First edition, 1771, Volume 1, A-B",/home/tdm/datasets/encyclopaedia-britannica-sample/144133901,alto/188083284.34.xml,scotland,"['within', 'scotland', 'see', 'law', 'title', 'supreme', 'judges', 'and', 'courts', 'of', 'scotland', 'admiral', 'also', 'denotes', 'the', 'commander', 'in', 'chief', 'of', 'a', 'single']"
1771,"Encyclopaedia Britannica; or, A dictionary of arts and sciences, compiled upon a new plan","First edition, 1771, Volume 1, A-B",/home/tdm/datasets/encyclopaedia-britannica-sample/144133901,alto/188083284.34.xml,woman,"['the', 'prince', 'or', 'a', 'vacancy', 'of', 'the', 'throne', 'administratrix', 'a', 'woman', 'who', 'afts', 'as', 'administrator', 'admirabilis', 'in', 'botany', 'a', 'fynonime', 'of']"
1771,"Encyclopaedia Britannica; or, A dictionary of arts and sciences, compiled upon a new plan","First edition, 1771, Volume 1, A-B",/home/tdm/datasets/encyclopaedia-britannica-sample/144133901,alto/188083297.34.xml,scotland,"['of', 'vermes', 'tertacea', 'see', 'voluta', 'high', 'court', 'of', 'admiralty', 'in', 'scotland', 'the', 'court', 'in', 'which', 'the', 'highadmiral', 'is', 'judge', 'see', 'admiral']"
1771,"Encyclopaedia Britannica; or, A dictionary of arts and sciences, compiled upon a new plan","First edition, 1771, Volume 1, A-B",/home/tdm/datasets/encyclopaedia-britannica-sample/144133901,alto/188083310.34.xml,scotland,"['civil', 'law', 'obtains', 'kings', 'advocate', 'is', 'the', 'principal', 'crownlawyer', 'in', 'scotland', 'his', 'business', 'is', 'to', 'adt', 'as', 'a', 'public', 'prosecutor', 'and']"
1771,"Encyclopaedia Britannica; or, A dictionary of arts and sciences, compiled upon a new plan","First edition, 1771, Volume 1, A-B",/home/tdm/datasets/encyclopaedia-britannica-sample/144133901,alto/188083310.34.xml,scotland,"['to', 'prosecute', 'crimes', 'at', 'his', 'own', 'instance', 'faculty', 'advocates', 'in', 'scotland', 'a', 'refpedlable', 'body', 'of', 'lawyers', 'who', 'plead', 'in', 'all', 'causes']"
1771,"Encyclopaedia Britannica; or, A dictionary of arts and sciences, compiled upon a new plan","First edition, 1771, Volume 1, A-B",/home/tdm/datasets/encyclopaedia-britannica-sample/144133901,alto/188083310.34.xml,woman,"['ad', 'ventrem', 'infpiciendum', 'in', 'law', 'a', 'writ', 'by', 'which', 'a', 'woman', 'is', 'to', 'be', 'searched', 'vhether', 'she', 'be', 'with', 'child', 'by']"
1771,"Encyclopaedia Britannica; or, A dictionary of arts and sciences, compiled upon a new plan","First edition, 1771, Volume 1, A-B",/home/tdm/datasets/encyclopaedia-britannica-sample/144133901,alto/188083323.34.xml,scotland,"['antiquities', 'the', 'second', 'in', 'englilh', 'upon', 'the', 'municipal', 'law', 'of', 'scotland', 'and', 'in', 'the', 'third', 'he', 'is', 'obliged', 'to', 'defend', 'a']"
1771,"Encyclopaedia Britannica; or, A dictionary of arts and sciences, compiled upon a new plan","First edition, 1771, Volume 1, A-B",/home/tdm/datasets/encyclopaedia-britannica-sample/144133901,alto/188083323.34.xml,scotland,"['an', 'advocate', 'or', 'lawyer', 'is', 'elteemed', 'the', 'genteeleft', 'profession', 'in', 'scotland', 'many', 'gentlemen', 'of', 'fortune', 'take', 'the', 'degree', 'of', 'advocate', 'without']"
1771,"Encyclopaedia Britannica; or, A dictionary of arts and sciences, compiled upon a new plan","First edition, 1771, Volume 1, A-B",/home/tdm/datasets/encyclopaedia-britannica-sample/144133901,alto/188083336.34.xml,woman,"['virtue', 'attribute', 'or', 'perfedion', 'a', 'eon', 'in', 'mythology', 'the', 'firli', 'woman', 'according', 'to', 'the', 'phoenician', 'writers', 'a', 'eon', 'among', 'anatomills', 'an']"
1771,"Encyclopaedia Britannica; or, A dictionary of arts and sciences, compiled upon a new plan","First edition, 1771, Volume 1, A-B",/home/tdm/datasets/encyclopaedia-britannica-sample/144133901,alto/188083349.34.xml,scotland,"['is', 'the', 'bristol', 'channel', 'and', 'many', 'of', 'the', 'friths', 'of', 'scotland', 't', 'estuaries', 'in', 'ancient', 'baths', 'were', 'secret', 'palfages', 'from', 'the']"
1771,"Encyclopaedia Britannica; or, A dictionary of arts and sciences, compiled upon a new plan","First edition, 1771, Volume 1, A-B",/home/tdm/datasets/encyclopaedia-britannica-sample/144133901,alto/188083401.34.xml,woman,"['the', 'mutual', 'plighting', 'of', 'troth', 'between', 'a', 'man', 'and', 'a', 'woman', 'to', 'marry', 'each', 'other', 'affiche', 'a', 'term', 'used', 'by', 'the']"
1771,"Encyclopaedia Britannica; or, A dictionary of arts and sciences, compiled upon a new plan","First edition, 1771, Volume 1, A-B",/home/tdm/datasets/encyclopaedia-britannica-sample/144133901,alto/188083661.34.xml,scotland,"['will', 'do', 'much', 'more', 'by', 'the', 'addition', 'of', 'manure', 'in', 'scotland', 'it', 'is', 'the', 'universal', 'practice', 'to', 'dung', 'lands', 'that', 'are']"
1771,"Encyclopaedia Britannica; or, A dictionary of arts and sciences, compiled upon a new plan","First edition, 1771, Volume 1, A-B",/home/tdm/datasets/encyclopaedia-britannica-sample/144133901,alto/188083674.34.xml,scotland,"['experience', 'and', 'agreeable', 'to', 'the', 'pfaice', 'in', 'those', 'parts', 'of', 'scotland', 'where', 'lime', 'is', 'most', 'used', 'when', 'employed', 'for', 'the', 'purpose']"
1771,"Encyclopaedia Britannica; or, A dictionary of arts and sciences, compiled upon a new plan","First edition, 1771, Volume 1, A-B",/home/tdm/datasets/encyclopaedia-britannica-sample/144133901,alto/188083674.34.xml,scotland,"['exhausting', 'too', 'much', 'of', 'the', 'vegetable', 'food', 'the', 'lands', 'in', 'scotland', 'capable', 'of', 'the', 'greatefi', 'improvement', 'by', 'lime', 'are', 'the', 'outfield']"
1771,"Encyclopaedia Britannica; or, A dictionary of arts and sciences, compiled upon a new plan","First edition, 1771, Volume 1, A-B",/home/tdm/datasets/encyclopaedia-britannica-sample/144133901,alto/188083687.34.xml,scotland,"['been', 'long', 'used', 'as', 'manures', 'are', 'among', 'the', 'richest', 'in', 'scotland', 'and', 'have', 'been', 'kept', 'almost', 'constantly', 'in', 'tillage', 'vol', 'i']"
1771,"Encyclopaedia Britannica; or, A dictionary of arts and sciences, compiled upon a new plan","First edition, 1771, Volume 1, A-B",/home/tdm/datasets/encyclopaedia-britannica-sample/144133901,alto/188083700.34.xml,scotland,"['most', 'proper', 'for', 'each', 'kind', 'the', 'foils', 'most', 'common', 'in', 'scotland', 'are', 'the', 'black', 'loamy', 'the', 'clay', 'the', 'sandy', 'and', 'the']"
1771,"Encyclopaedia Britannica; or, A dictionary of arts and sciences, compiled upon a new plan","First edition, 1771, Volume 1, A-B",/home/tdm/datasets/encyclopaedia-britannica-sample/144133901,alto/188083752.34.xml,scotland,"['condruftion', 'and', 'particular', 'uses', 'i', 'of', 'the', 'scots', 'plough', 'in', 'scotland', 'this', 'plough', 'is', 'dill', 'the', 'mod', 'common', 'and', 'the', 'mod']"
1771,"Encyclopaedia Britannica; or, A dictionary of arts and sciences, compiled upon a new plan","First edition, 1771, Volume 1, A-B",/home/tdm/datasets/encyclopaedia-britannica-sample/144133901,alto/188083778.34.xml,scotland,"['repeated', 'trials', 'by', 'those', 'who', 'attempted', 'to', 'use', 'it', 'in', 'scotland', 'they', 'have', 'been', 'obliged', 'to', 'give', 'it', 'up', 'so', 'many']"
1771,"Encyclopaedia Britannica; or, A dictionary of arts and sciences, compiled upon a new plan","First edition, 1771, Volume 1, A-B",/home/tdm/datasets/encyclopaedia-britannica-sample/144133901,alto/188083778.34.xml,scotland,"['cenfequently', 'more', 'easily', 'drawn', 'than', 'any', 'other', 'plough', 'used', 'in', 'scotland', 'and', 'as', 'it', 'is', 'hotter', 'the', 'friction', 'is', 'also', 'diminiffied']"
1771,"Encyclopaedia Britannica; or, A dictionary of arts and sciences, compiled upon a new plan","First edition, 1771, Volume 1, A-B",/home/tdm/datasets/encyclopaedia-britannica-sample/144133901,alto/188083817.34.xml,scotland,"['ploughing', 'lee', 'or', 'opening', 'up', 'grassgrounds', 'the', 'common', 'pradtice', 'in', 'scotland', 'is', 'to', 'plough', 'it', 'as', 'shallow', 'and', 'narrow', 'as', 'pofiible']"
1771,"Encyclopaedia Britannica; or, A dictionary of arts and sciences, compiled upon a new plan","First edition, 1771, Volume 1, A-B",/home/tdm/datasets/encyclopaedia-britannica-sample/144133901,alto/188083830.34.xml,scotland,"['horse', 'is', 'sufficient', 'to', 'draw', 'the', 'harrow', 'commonly', 'used', 'in', 'scotland', 'sometimes', 'two', 'of', 'them', 'go', 'abreast', 'and', 'sometimes', 'three', 'when']"
1771,"Encyclopaedia Britannica; or, A dictionary of arts and sciences, compiled upon a new plan","First edition, 1771, Volume 1, A-B",/home/tdm/datasets/encyclopaedia-britannica-sample/144133901,alto/188083830.34.xml,scotland,"['two', 'pair', 'there', 'are', 'several', 'kinds', 'of', 'harrows', 'used', 'in', 'scotland', 'the', 'common', 'one', 'is', 'so', 'well', 'known', 'that', 'it', 'needs']"
1771,"Encyclopaedia Britannica; or, A dictionary of arts and sciences, compiled upon a new plan","First edition, 1771, Volume 1, A-B",/home/tdm/datasets/encyclopaedia-britannica-sample/144133901,alto/188083856.34.xml,scotland,"['wheat', 'be', 'the', 'moll', 'valuable', 'grain', 'that', 'is', 'cultivated', 'in', 'scotland', 'there', 'are', 'many', 'places', 'where', 'it', 'cannot', 'be', 'sown', 'with']"
1771,"Encyclopaedia Britannica; or, A dictionary of arts and sciences, compiled upon a new plan","First edition, 1771, Volume 1, A-B",/home/tdm/datasets/encyclopaedia-britannica-sample/144133901,alto/188083856.34.xml,scotland,"['writers', 'mention', 'about', 'or', 'different', 'kinds', 'of', 'wheat', 'but', 'in', 'scotland', 'we', 'seldom', 'use', 'more', 'than', 'two', 'viz', 'the', 'white', 'and']"
1771,"Encyclopaedia Britannica; or, A dictionary of arts and sciences, compiled upon a new plan","First edition, 1771, Volume 1, A-B",/home/tdm/datasets/encyclopaedia-britannica-sample/144133901,alto/188083856.34.xml,scotland,"['quantity', 'of', 'flour', 'the', 'white', 'wheat', 'most', 'commonly', 'used', 'in', 'scotland', 'is', 'not', 'a', 'particular', 'species', 'but', 'a', 'mixture', 'of', 'all']"
1771,"Encyclopaedia Britannica; or, A dictionary of arts and sciences, compiled upon a new plan","First edition, 1771, Volume 1, A-B",/home/tdm/datasets/encyclopaedia-britannica-sample/144133901,alto/188083856.34.xml,scotland,"['of', 'such', 'kinds', 'as', 'are', 'found', 'to', 'succeed', 'bell', 'in', 'scotland', 'wheat', 'is', 'commonly', 'sown', 'either', 'upon', 'land', 'that', 'has', 'been']"
1771,"Encyclopaedia Britannica; or, A dictionary of arts and sciences, compiled upon a new plan","First edition, 1771, Volume 1, A-B",/home/tdm/datasets/encyclopaedia-britannica-sample/144133901,alto/188083856.34.xml,scotland,"['the', 'former', 'it', 'is', 'generally', 'sown', 'in', 'august', 'however', 'in', 'scotland', 'we', 'sow', 'wheat', 'from', 'the', 'beginning', 'of', 'augult', 'till', 'the']"
1771,"Encyclopaedia Britannica; or, A dictionary of arts and sciences, compiled upon a new plan","First edition, 1771, Volume 1, A-B",/home/tdm/datasets/encyclopaedia-britannica-sample/144133901,alto/188083856.34.xml,scotland,"['more', 'easily', 'to', 'the', 'furrows', 'hence', 'the', 'old', 'praftice', 'in', 'scotland', 'of', 'cleaving', 'for', 'pease', 'and', 'gathering', 'for', 'wheat', 'was', 'well']"
1771,"Encyclopaedia Britannica; or, A dictionary of arts and sciences, compiled upon a new plan","First edition, 1771, Volume 1, A-B",/home/tdm/datasets/encyclopaedia-britannica-sample/144133901,alto/188083869.34.xml,scotland,"['there', 'is', 'hardly', 'a', 'good', 'market', 'for', 'this', 'grain', 'in', 'scotland', 'it', 'is', 'but', 'jittle', 'cultivated', 'in', 'some', 'places', 'the', 'land']"
1771,"Encyclopaedia Britannica; or, A dictionary of arts and sciences, compiled upon a new plan","First edition, 1771, Volume 1, A-B",/home/tdm/datasets/encyclopaedia-britannica-sample/144133901,alto/188083869.34.xml,scotland,"['of', 'barley', 'there', 'are', 'four', 'kinds', 'of', 'barley', 'used', 'in', 'scotland', 'the', 'common', 'barley', 'the', 'lincolnshire', 'barley', 'the', 'highland', 'barley', 'more']"
1771,"Encyclopaedia Britannica; or, A dictionary of arts and sciences, compiled upon a new plan","First edition, 1771, Volume 1, A-B",/home/tdm/datasets/encyclopaedia-britannica-sample/144133901,alto/188083869.34.xml,scotland,"['crop', 'intervening', 'two', 'ploughings', 'are', 'sufficient', 'as', 'our', 'summers', 'in', 'scotland', 'are', 'fbmetimes', 'very', 'wet', 'barleyland', 'should', 'be', 'waterfurrowed', 'and', 'drefied']"
1771,"Encyclopaedia Britannica; or, A dictionary of arts and sciences, compiled upon a new plan","First edition, 1771, Volume 1, A-B",/home/tdm/datasets/encyclopaedia-britannica-sample/144133901,alto/188083869.34.xml,scotland,"['other', 'grain', 'there', 'are', 'three', 'kinds', 'of', 'oats', 'used', 'in', 'scotland', 'the', 'white', 'the', 'black', 'and', 'the', 'grey', 'the', 'white', 'is']"
1771,"Encyclopaedia Britannica; or, A dictionary of arts and sciences, compiled upon a new plan","First edition, 1771, Volume 1, A-B",/home/tdm/datasets/encyclopaedia-britannica-sample/144133901,alto/188083882.34.xml,scotland,"['the', 'plough', 'there', 'are', 'two', 'kinds', 'of', 'pease', 'cultivated', 'in', 'scotland', 'the', 'white', 'and', 'the', 'grey', 'the', 'white', 'is', 'njoft', 'common']"
1771,"Encyclopaedia Britannica; or, A dictionary of arts and sciences, compiled upon a new plan","First edition, 1771, Volume 1, A-B",/home/tdm/datasets/encyclopaedia-britannica-sample/144133901,alto/188083895.34.xml,scotland,"['pea', 'and', 'therefore', 'requires', 'a', 'deeper', 'soil', 'the', 'lands', 'in', 'scotland', 'wdiere', 'beans', 'are', 'moll', 'commonly', 'sown', 'and', 'where', 'they', 'succeed']"
1771,"Encyclopaedia Britannica; or, A dictionary of arts and sciences, compiled upon a new plan","First edition, 1771, Volume 1, A-B",/home/tdm/datasets/encyclopaedia-britannica-sample/144133901,alto/188083895.34.xml,scotland,"['the', 'moll', 'common', 'of', 'all', 'the', 'artificial', 'grades', 'cultivated', 'in', 'scotland', 'and', 'not', 'the', 'icall', 'valuable', 'it', 'is', 'a', 'fibrousrooted', 'plant']"
1771,"Encyclopaedia Britannica; or, A dictionary of arts and sciences, compiled upon a new plan","First edition, 1771, Volume 1, A-B",/home/tdm/datasets/encyclopaedia-britannica-sample/144133901,alto/188083895.34.xml,scotland,"['this', 'plant', 'there', 'arc', 'several', 'kinds', 'of', 'clover', 'cultivated', 'in', 'scotland']"
1771,"Encyclopaedia Britannica; or, A dictionary of arts and sciences, compiled upon a new plan","First edition, 1771, Volume 1, A-B",/home/tdm/datasets/encyclopaedia-britannica-sample/144133901,alto/188083908.34.xml,scotland,"['autumn', 'it', 'has', 'frequently', 'been', 'tried', 'at', 'this', 'fleafon', 'in', 'scotland', 'without', 'success', 'when', 'flown', 'in', 'spring', 'it', 'anivers', 'much', 'better']"
1771,"Encyclopaedia Britannica; or, A dictionary of arts and sciences, compiled upon a new plan","First edition, 1771, Volume 1, A-B",/home/tdm/datasets/encyclopaedia-britannica-sample/144133901,alto/188083908.34.xml,scotland,"['this', 'country', 'the', 'common', 'way', 'of', 'towing', 'clover', 'both', 'in', 'scotland', 'and', 'england', 'is', 'along', 'with', 'wheat', 'oats', 'or', 'barley', 'in']"
1771,"Encyclopaedia Britannica; or, A dictionary of arts and sciences, compiled upon a new plan","First edition, 1771, Volume 1, A-B",/home/tdm/datasets/encyclopaedia-britannica-sample/144133901,alto/188083908.34.xml,scotland,"['acre', 'however', 'l', 't', 'u', 'r', 'e', 'the', 'farmers', 'in', 'scotland', 'who', 'sow', 'clover', 'with', 'oats', 'or', 'barley', 'find', 'that', 'from']"
1771,"Encyclopaedia Britannica; or, A dictionary of arts and sciences, compiled upon a new plan","First edition, 1771, Volume 1, A-B",/home/tdm/datasets/encyclopaedia-britannica-sample/144133901,alto/188083908.34.xml,scotland,"['be', 'varied', 'according', 'to', 'the', 'judgment', 'of', 'the', 'farmer', 'in', 'scotland', 'seldom', 'more', 'than', 'one', 'crop', 'of', 'hay', 'in', 'the', 'season']"
1771,"Encyclopaedia Britannica; or, A dictionary of arts and sciences, compiled upon a new plan","First edition, 1771, Volume 1, A-B",/home/tdm/datasets/encyclopaedia-britannica-sample/144133901,alto/188083921.34.xml,scotland,"['we', 'have', 'so', 'little', 'of', 'that', 'kind', 'of', 'grass', 'in', 'scotland', 'it', 'cannot', 'be', 'expefted', 'that', 'any', 'directions', 'can', 'be', 'given']"
1771,"Encyclopaedia Britannica; or, A dictionary of arts and sciences, compiled upon a new plan","First edition, 1771, Volume 1, A-B",/home/tdm/datasets/encyclopaedia-britannica-sample/144133901,alto/188083921.34.xml,scotland,"['whoever', 'inclines', 'to', 'try', 'the', 'culture', 'of', 'this', 'grass', 'in', 'scotland', 'ihould', 'take', 'great', 'pains', 'in', 'preparing', 'the', 'land', 'and', 'making']"
1771,"Encyclopaedia Britannica; or, A dictionary of arts and sciences, compiled upon a new plan","First edition, 1771, Volume 1, A-B",/home/tdm/datasets/encyclopaedia-britannica-sample/144133901,alto/188083921.34.xml,scotland,"['scots', 'acre', 'there', 'is', 'but', 'little', 'of', 'it', 'cultivated', 'in', 'scotland', 'however', 'it', 'has', 'been', 'tried', 'in', 'several', 'parts', 'of', 'this']"
1771,"Encyclopaedia Britannica; or, A dictionary of arts and sciences, compiled upon a new plan","First edition, 1771, Volume 1, A-B",/home/tdm/datasets/encyclopaedia-britannica-sample/144133901,alto/188083947.34.xml,scotland,"['valuable', 'crops', 'that', 'can', 'be', 'raised', 'the', 'trials', 'made', 'in', 'scotland', 'have', 'been', 'very', 'successful', 'which', 'gives', 'great', 'encouragement', 'to', 'proceed']"
1771,"Encyclopaedia Britannica; or, A dictionary of arts and sciences, compiled upon a new plan","First edition, 1771, Volume 1, A-B",/home/tdm/datasets/encyclopaedia-britannica-sample/144133901,alto/188084038.34.xml,scotland,"['father', 'and', 'son', 'aire', 'in', 'geography', 'a', 'seapost', 'town', 'in', 'scotland', 'situated', 'in', 'w', 'long', 'and', 'n', 'lat', 'at', 'the']"
1771,"Encyclopaedia Britannica; or, A dictionary of arts and sciences, compiled upon a new plan","First edition, 1771, Volume 1, A-B",/home/tdm/datasets/encyclopaedia-britannica-sample/144133901,alto/188084051.34.xml,scotland,"['thirtyfive', 'miles', 'si', 'e', 'of', 'calais', 'aireshire', 'a', 'county', 'of', 'scotland', 'the', 'capital', 'of', 'which', 'is', 'the', 'town', 'of', 'aire', 'it']"
1771,"Encyclopaedia Britannica; or, A dictionary of arts and sciences, compiled upon a new plan","First edition, 1771, Volume 1, A-B",/home/tdm/datasets/encyclopaedia-britannica-sample/144133901,alto/188084077.34.xml,woman,"['they', 'are', 'the', 'ilfue', 'of', 'a', 'white', 'man', 'and', 'black', 'woman', 'and', 'at', 'a', 'didanee', 'might', 'be', 'taken', 'for', 'europeans', 'but']"
1771,"Encyclopaedia Britannica; or, A dictionary of arts and sciences, compiled upon a new plan","First edition, 1771, Volume 1, A-B",/home/tdm/datasets/encyclopaedia-britannica-sample/144133901,alto/188084324.34.xml,edinburgh,"['hours', 'thus', 'examp', 'iii', 'suppose', 'the', 'dillance', 'between', 'london', 'and', 'edinburgh', 'to', 'be', 'miles', 'and', 'that', 'a', 'courier', 'sets', 'out', 'from']"
1771,"Encyclopaedia Britannica; or, A dictionary of arts and sciences, compiled upon a new plan","First edition, 1771, Volume 1, A-B",/home/tdm/datasets/encyclopaedia-britannica-sample/144133901,alto/188084324.34.xml,edinburgh,"['to', 'be', 'miles', 'and', 'that', 'a', 'courier', 'sets', 'out', 'from', 'edinburgh', 'running', 'at', 'the', 'rate', 'of', 'miles', 'an', 'hour', 'another', 'sets']"
1771,"Encyclopaedia Britannica; or, A dictionary of arts and sciences, compiled upon a new plan","First edition, 1771, Volume 1, A-B",/home/tdm/datasets/encyclopaedia-britannica-sample/144133901,alto/188084324.34.xml,edinburgh,"['they', 'will', 'meet', 'suppose', 'the', 'courier', 'that', 'sets', 'out', 'from', 'edinburgh', 'runs', 'x', 'miles', 'and', 'the', 'other', 'y', 'miles', 'before', 'they']"
1771,"Encyclopaedia Britannica; or, A dictionary of arts and sciences, compiled upon a new plan","First edition, 1771, Volume 1, A-B",/home/tdm/datasets/encyclopaedia-britannica-sample/144133901,alto/188084662.34.xml,scotland,"['who', 'on', 'that', 'account', 'cannot', 'hold', 'any', 'feudal', 'right', 'in', 'scotland', 'without', 'being', 'naturalized', 'see', 'law', 'title', 'conjlitution', 'of', 'heritable', 'rights']"
1771,"Encyclopaedia Britannica; or, A dictionary of arts and sciences, compiled upon a new plan","First edition, 1771, Volume 1, A-B",/home/tdm/datasets/encyclopaedia-britannica-sample/144133901,alto/188084727.34.xml,scotland,"['with', 'honey', 'has', 'good', 'effefts', 'inaffhmas', 'alloa', 'a', 'porttown', 'of', 'scotland', 'situated', 'on', 'the', 'river', 'forth', 'remarkable', 'for', 'the', 'coalmines', 'in']"
1771,"Encyclopaedia Britannica; or, A dictionary of arts and sciences, compiled upon a new plan","First edition, 1771, Volume 1, A-B",/home/tdm/datasets/encyclopaedia-britannica-sample/144133901,alto/188084844.34.xml,maid,"['sum', 'of', 'money', 'paid', 'to', 'the', 'lord', 'upon', 'marrying', 'a', 'maid', 'within', 'his', 'manor', 'amacaches', 'a', 'people', 'of', 'brazil', 'in', 's']"
1771,"Encyclopaedia Britannica; or, A dictionary of arts and sciences, compiled upon a new plan","First edition, 1771, Volume 1, A-B",/home/tdm/datasets/encyclopaedia-britannica-sample/144133901,alto/188084857.34.xml,woman,"['hatnaxohii', 'amazon', 'in', 'a', 'general', 'fcnfe', 'denotes', 'a', 'bold', 'daring', 'woman', 'amazons', 'were', 'an', 'ancient', 'nation', 'of', 'women', 'inhabiting', 'that', 'part']"
1771,"Encyclopaedia Britannica; or, A dictionary of arts and sciences, compiled upon a new plan","First edition, 1771, Volume 1, A-B",/home/tdm/datasets/encyclopaedia-britannica-sample/144133901,alto/188084870.34.xml,scotland,"['near', 'africa', 'and', 'sometimes', 'near', 'the', 'northern', 'parts', 'of', 'england', 'scotland', 'and', 'norway', 'there', 'has', 'been', 'many', 'different', 'hypotheses', 'concerning', 'the']"
1771,"Encyclopaedia Britannica; or, A dictionary of arts and sciences, compiled upon a new plan","First edition, 1771, Volume 1, A-B",/home/tdm/datasets/encyclopaedia-britannica-sample/144133901,alto/188084974.34.xml,edinburgh,"['these', 'four', 'years', 'the', 'anabaptifts', 'have', 'formed', 'a', 'congregation', 'in', 'edinburgh', 'which', 'is', 'the', 'first', 'appearance', 'they', 'ever', 'made', 'in', 'scotland']"
1771,"Encyclopaedia Britannica; or, A dictionary of arts and sciences, compiled upon a new plan","First edition, 1771, Volume 1, A-B",/home/tdm/datasets/encyclopaedia-britannica-sample/144133901,alto/188084974.34.xml,edinburgh,"['swe', 'applied', 'to', 'the', 'preachers', 'of', 'the', 'anabaptijl', 'congregation', 'at', 'edinburgh', 'from', 'whom', 'we', 'had', 'the', 'above', 'account', 'the', 'same', 'conduit']"
1771,"Encyclopaedia Britannica; or, A dictionary of arts and sciences, compiled upon a new plan","First edition, 1771, Volume 1, A-B",/home/tdm/datasets/encyclopaedia-britannica-sample/144133901,alto/188084974.34.xml,scotland,"['edinburgh', 'which', 'is', 'the', 'first', 'appearance', 'they', 'ever', 'made', 'in', 'scotland', 'and', 'seem', 'to', 'be', 'a', 'serious', 'inoffensive', 'people', 'they', 'pray']"
1771,"Encyclopaedia Britannica; or, A dictionary of arts and sciences, compiled upon a new plan","First edition, 1771, Volume 1, A-B",/home/tdm/datasets/encyclopaedia-britannica-sample/144133901,alto/188085052.34.xml,edinburgh,"['in', 'dudding', 'itonloch', 'a', 'freihwater', 'lake', 'within', 'a', 'mile', 'of', 'edinburgh', 'the', 'hiftrionica', 'or', 'duikyspotted', 'duck', 'of', 'edwards', 'is', 'of', 'a']"
1771,"Encyclopaedia Britannica; or, A dictionary of arts and sciences, compiled upon a new plan","First edition, 1771, Volume 1, A-B",/home/tdm/datasets/encyclopaedia-britannica-sample/144133901,alto/188087379.34.xml,edinburgh,"['alexander', 'monro', 'present', 'professor', 'of', 'anatofhy', 'in', 'the', 'university', 'of', 'edinburgh', 'published', 'his', 'treatise', 'de', 'venis', 'lymphaticis', 'valvulofis', 'in', 'the', 'year']"
1771,"Encyclopaedia Britannica; or, A dictionary of arts and sciences, compiled upon a new plan","First edition, 1771, Volume 1, A-B",/home/tdm/datasets/encyclopaedia-britannica-sample/144133901,alto/188087418.34.xml,edinburgh,"['long', 'j', 'and', 'n', 'lat', 'about', 'miles', 'n', 'e', 'of', 'edinburgh', 'st', 'andrews', 'was', 'formerly', 'an', 'archbifliops', 'see', 'but', 'at', 'present']"
1771,"Encyclopaedia Britannica; or, A dictionary of arts and sciences, compiled upon a new plan","First edition, 1771, Volume 1, A-B",/home/tdm/datasets/encyclopaedia-britannica-sample/144133901,alto/188087418.34.xml,scotland,"['in', 'geography', 'a', 'town', 'in', 'the', 'county', 'of', 'fife', 'in', 'scotland', 'situated', 'on', 'the', 'german', 'ocean', 'in', 'w', 'long', 'j', 'and']"
1771,"Encyclopaedia Britannica; or, A dictionary of arts and sciences, compiled upon a new plan","First edition, 1771, Volume 1, A-B",/home/tdm/datasets/encyclopaedia-britannica-sample/144133901,alto/188087418.34.xml,woman,"['temperance', 'and', 'sobriety', 'andria', 'among', 'some', 'naturalists', 'denotes', 'an', 'hermaphroditical', 'woman', 'see', 'hermaphrodite', 'andria', 'in', 'geography', 'a', 'town', 'of', 'italy', 'in']"
1771,"Encyclopaedia Britannica; or, A dictionary of arts and sciences, compiled upon a new plan","First edition, 1771, Volume 1, A-B",/home/tdm/datasets/encyclopaedia-britannica-sample/144133901,alto/188087470.34.xml,scotland,"['all', 'natives', 'of', 'america', 'angus', 'a', 'ihire', 'or', 'county', 'of', 'scotland', 'bounded', 'on', 'the', 'north', 'by', 'the', 'ihire', 'of', 'merns', 'on']"
1771,"Encyclopaedia Britannica; or, A dictionary of arts and sciences, compiled upon a new plan","First edition, 1771, Volume 1, A-B",/home/tdm/datasets/encyclopaedia-britannica-sample/144133901,alto/188087483.34.xml,scotland,"['gives', 'to', 'the', 'executors', 'of', 'ministers', 'of', 'the', 'church', 'of', 'scotland', 'over', 'and', 'above', 'what', 'was', 'due', 'to', 'the', 'minister', 'himself']"
1771,"Encyclopaedia Britannica; or, A dictionary of arts and sciences, compiled upon a new plan","First edition, 1771, Volume 1, A-B",/home/tdm/datasets/encyclopaedia-britannica-sample/144133901,alto/188087483.34.xml,scotland,"['africa', 'annan', 'the', 'capital', 'of', 'the', 'shire', 'of', 'annandale', 'in', 'scotland', 'situated', 'upon', 'a', 'river', 'of', 'the', 'same', 'name', 'in', 'w']"
1771,"Encyclopaedia Britannica; or, A dictionary of arts and sciences, compiled upon a new plan","First edition, 1771, Volume 1, A-B",/home/tdm/datasets/encyclopaedia-britannica-sample/144133901,alto/188087483.34.xml,woman,"['anni', 'nubiles', 'in', 'law', 'denotes', 'the', 'marriageable', 'age', 'of', 'a', 'woman', 'viz', 'after', 'ftie', 'has', 'arrived', 'at', 'twelve', 'anniented', 'in', 'law']"
1771,"Encyclopaedia Britannica; or, A dictionary of arts and sciences, compiled upon a new plan","First edition, 1771, Volume 1, A-B",/home/tdm/datasets/encyclopaedia-britannica-sample/144133901,alto/188087587.34.xml,scotland,"['a', 'company', 'anstruther', 'eajier', 'znwe', 'jler', 'two', 'royal', 'burghs', 'of', 'scotland', 'situated', 'on', 'the', 'southeast', 'coast', 'of', 'the', 'county', 'of', 'fife']"
1771,"Encyclopaedia Britannica; or, A dictionary of arts and sciences, compiled upon a new plan","First edition, 1771, Volume 1, A-B",/home/tdm/datasets/encyclopaedia-britannica-sample/144133901,alto/188087756.34.xml,woman,"['strong', 'implements', 'of', 'husbandry', 'his', 'wellfed', 'oxen', 'and', 'ahale', 'young', 'woman', 'his', 'daughter', 'and', 'point', 'ihg', 'to', 'them', 'said', 'these', 'romans']"
1771,"Encyclopaedia Britannica; or, A dictionary of arts and sciences, compiled upon a new plan","First edition, 1771, Volume 1, A-B",/home/tdm/datasets/encyclopaedia-britannica-sample/144133901,alto/188087847.34.xml,scotland,"['title', 'anciently', 'given', 'to', 'the', 'highest', 'degrees', 'of', 'nobility', 'in', 'scotland', 'see', 'thane', 'aptote', 'among', 'grammarians', 'an', 'indeclinable', 'noun', 'or', 'one']"
1771,"Encyclopaedia Britannica; or, A dictionary of arts and sciences, compiled upon a new plan","First edition, 1771, Volume 1, A-B",/home/tdm/datasets/encyclopaedia-britannica-sample/144133901,alto/188087899.34.xml,scotland,"['uva', 'urfi', 'a', 'plant', 'lately', 'discovered', 'in', 'the', 'highlands', 'of', 'scotland', 'and', 'which', 'formerly', 'was', 'thought', 'not', 'to', 'be', 'a', 'native']"
1771,"Encyclopaedia Britannica; or, A dictionary of arts and sciences, compiled upon a new plan","First edition, 1771, Volume 1, A-B",/home/tdm/datasets/encyclopaedia-britannica-sample/144133901,alto/188088523.34.xml,scotland,"['measure', 'those', 'in', 'a', 'peacocks', 'tail', 'argyleshire', 'a', 'county', 'of', 'scotland', 'lying', 'westward', 'of', 'glasgow', 'and', 'comprehending', 'the', 'countries', 'of', 'lorn']"
1771,"Encyclopaedia Britannica; or, A dictionary of arts and sciences, compiled upon a new plan","First edition, 1771, Volume 1, A-B",/home/tdm/datasets/encyclopaedia-britannica-sample/144133901,alto/188089355.34.xml,scotland,"['of', 'law', 'upon', 'an', 'indiflment', 'foe', 'arran', 'an', 'illand', 'of', 'scotland', 'situated', 'in', 'the', 'frith', 'of', 'clydes', 'between', 'kintire', 'and', 'cunningham']"
1771,"Encyclopaedia Britannica; or, A dictionary of arts and sciences, compiled upon a new plan","First edition, 1771, Volume 1, A-B",/home/tdm/datasets/encyclopaedia-britannica-sample/144133901,alto/188089381.34.xml,scotland,"['the', 'island', 'of', 'anglesey', 'in', 'wales', 'and', 'in', 'aberdeenfhire', 'irt', 'scotland', 'ascaris', 'in', 'zoology', 'agenus', 'of', 'infeds', 'belonging', 'to', 'vol', 'i']"
1771,"Encyclopaedia Britannica; or, A dictionary of arts and sciences, compiled upon a new plan","First edition, 1771, Volume 1, A-B",/home/tdm/datasets/encyclopaedia-britannica-sample/144133901,alto/188090642.34.xml,scotland,"['jw', 'long', 'and', 'ndat', 'athol', 'a', 'diftridt', 'of', 'perthfhire', 'in', 'scotland', 'from', 'whence', 'the', 'ancient', 'and', 'noble', 'family', 'of', 'murray', 'takes']"
1771,"Encyclopaedia Britannica; or, A dictionary of arts and sciences, compiled upon a new plan","First edition, 1771, Volume 1, A-B",/home/tdm/datasets/encyclopaedia-britannica-sample/144133901,alto/188090642.34.xml,woman,"['and', 'caves', 'upon', 'it', 'containing', 'near', 'monks', 'and', 'hermits', 'no', 'woman', 'is', 'allowed', 'to', 'come', 'within', 'sight', 'of', 'their', 'convents', 'it']"
1771,"Encyclopaedia Britannica; or, A dictionary of arts and sciences, compiled upon a new plan","First edition, 1771, Volume 1, A-B",/home/tdm/datasets/encyclopaedia-britannica-sample/144133901,alto/188090772.34.xml,scotland,"['south', 'of', 'vienna', 'badenoch', 'an', 'inland', 'coprttry', 'of', 'invernessrtiire', 'in', 'scotland', 'lying', 'between', 'aberdeenfliire', 'and', 'lochaber', 'badenweiller', 'a', 'town', 'of', 'germany']"
1771,"Encyclopaedia Britannica; or, A dictionary of arts and sciences, compiled upon a new plan","First edition, 1771, Volume 1, A-B",/home/tdm/datasets/encyclopaedia-britannica-sample/144133901,alto/188090837.34.xml,scotland,"['of', 'arundo', 'see', 'arundo', 'bamff', 'or', 'banff', 'a', 'town', 'of', 'scotland', 'which', 'gives', 'name', 'to', 'a', 'county', 'lying', 'between', 'aberdeenlhire', 'and']"
1771,"Encyclopaedia Britannica; or, A dictionary of arts and sciences, compiled upon a new plan","First edition, 1771, Volume 1, A-B",/home/tdm/datasets/encyclopaedia-britannica-sample/144133901,alto/188090902.34.xml,woman,"['independent', 'being', 'that', 'jesus', 'christ', 'was', 'not', 'born', 'of', 'a', 'woman', 'but', 'brought', 'his', 'body', 'with', 'him', 'from', 'heaven', 'and', 'denied']"
1771,"Encyclopaedia Britannica; or, A dictionary of arts and sciences, compiled upon a new plan","First edition, 1771, Volume 1, A-B",/home/tdm/datasets/encyclopaedia-britannica-sample/144133901,alto/188090915.34.xml,woman,"['side', 'and', 'the', 'womans', 'on', 'the', 'sinister', 'but', 'here', 'the', 'woman', 'is', 'fuppoftd', 'not', 'an', 'heiress', 'for', 'then', 'her', 'coat', 'must']"
1771,"Encyclopaedia Britannica; or, A dictionary of arts and sciences, compiled upon a new plan","First edition, 1771, Volume 1, A-B",/home/tdm/datasets/encyclopaedia-britannica-sample/144133901,alto/188090967.34.xml,scotland,"['one', 'place', 'lying', 'on', 'the', 'coalt', 'of', 'e', 'lothain', 'in', 'scotland', 'at', 'the', 'mouth', 'of', 'the', 'frith', 'of', 'forth', 'bassaim', 'or']"
1771,"Encyclopaedia Britannica; or, A dictionary of arts and sciences, compiled upon a new plan","First edition, 1771, Volume 1, A-B",/home/tdm/datasets/encyclopaedia-britannica-sample/144133901,alto/188090980.34.xml,scotland,"['fols', 'french', 'money', 'eatable', 'ground', 'that', 'land', 'which', 'lay', 'between', 'scotland', 'and', 'england', 'when', 'the', 'kingdoms', 'were', 'diltin', 'ct', 'to', 'which']"
1771,"Encyclopaedia Britannica; or, A dictionary of arts and sciences, compiled upon a new plan","First edition, 1771, Volume 1, A-B",/home/tdm/datasets/encyclopaedia-britannica-sample/144133901,alto/188091097.34.xml,scotland,"['and', 'france', 'in', 'england', 'the', 'ax', 'is', 'preferred', 'and', 'in', 'scotland', 'they', 'use', 'for', 'this', 'purpose', 'a', 'machine', 'called', 'a', 'maiden']"
1771,"Encyclopaedia Britannica; or, A dictionary of arts and sciences, compiled upon a new plan","First edition, 1771, Volume 1, A-B",/home/tdm/datasets/encyclopaedia-britannica-sample/144133901,alto/188091123.34.xml,scotland,"['and', 'n', 'lat', 'benbecula', 'one', 'of', 'the', 'western', 'isles', 'of', 'scotland', 'bengalis', 'or', 'bancahs', 'seebangans', 'bench', 'or', 'banc', 'in', 'law', 'see']"
1771,"Encyclopaedia Britannica; or, A dictionary of arts and sciences, compiled upon a new plan","First edition, 1771, Volume 1, A-B",/home/tdm/datasets/encyclopaedia-britannica-sample/144133901,alto/188091162.34.xml,edinburgh,"['entrance', 'of', 'the', 'frith', 'of', 'forth', 'about', 'miles', 'east', 'of', 'edinburgh', 'in', 'ifw', 'long', 'and', 'n', 'lat', 'beryl', 'in', 'natural', 'history']"
1771,"Encyclopaedia Britannica; or, A dictionary of arts and sciences, compiled upon a new plan","First edition, 1771, Volume 1, A-B",/home/tdm/datasets/encyclopaedia-britannica-sample/144133901,alto/188091162.34.xml,scotland,"['elong', 'and', 'onlau', 'bernera', 'one', 'of', 'the', 'western', 'isles', 'of', 'scotland', 'lying', 'in', 'lat', 'bernicola', 'in', 'ornithology', 'the', 'trivial', 'name', 'of']"
1771,"Encyclopaedia Britannica; or, A dictionary of arts and sciences, compiled upon a new plan","First edition, 1771, Volume 1, A-B",/home/tdm/datasets/encyclopaedia-britannica-sample/144133901,alto/188091162.34.xml,scotland,"['and', 'n', 'lat', 'bervy', 'a', 'seaport', 'town', 'and', 'borough', 'of', 'scotland', 'situated', 'on', 'the', 'german', 'ocean', 'about', 'miles', 'fouthweft', 'of', 'aberdeen']"
1771,"Encyclopaedia Britannica; or, A dictionary of arts and sciences, compiled upon a new plan","First edition, 1771, Volume 1, A-B",/home/tdm/datasets/encyclopaedia-britannica-sample/144133901,alto/188091162.34.xml,scotland,"['lat', 'berwick', 'a', 'boroughtown', 'on', 'the', 'borders', 'of', 'england', 'and', 'scotland', 'situated', 'on', 'the', 'north', 'side', 'of', 'the', 'river', 'tweed', 'in']"
1771,"Encyclopaedia Britannica; or, A dictionary of arts and sciences, compiled upon a new plan","First edition, 1771, Volume 1, A-B",/home/tdm/datasets/encyclopaedia-britannica-sample/144133901,alto/188091162.34.xml,scotland,"['it', 'sends', 'two', 'members', 'to', 'parliament', 'awzjberwick', 'a', 'town', 'of', 'scotland', 'situated', 'at', 'the', 'entrance', 'of', 'the', 'frith', 'of', 'forth', 'about']"
1771,"Encyclopaedia Britannica; or, A dictionary of arts and sciences, compiled upon a new plan","First edition, 1771, Volume 1, A-B",/home/tdm/datasets/encyclopaedia-britannica-sample/144133901,alto/188091331.34.xml,scotland,"['a', 'bill', 'of', 'exchange', 'when', 'the', 'parties', 'concerned', 'live', 'in', 'scotland', 'it', 'is', 'termed', 'an', 'inland', 'bill', 'as', 'to', 'the', 'solemnities']"
1771,"Encyclopaedia Britannica; or, A dictionary of arts and sciences, compiled upon a new plan","First edition, 1771, Volume 1, A-B",/home/tdm/datasets/encyclopaedia-britannica-sample/144133901,alto/188091357.34.xml,scotland,"['in', 'england', 'there', 'are', 'twentyfour', 'bilhoprics', 'and', 'two', 'archbilhoprics', 'in', 'scotland', 'none', 'at', 'all', 'in', 'ireland', 'eighteen', 'biftioprics', 'and', 'four', 'archbifhoprics']"
1771,"Encyclopaedia Britannica; or, A dictionary of arts and sciences, compiled upon a new plan","First edition, 1771, Volume 1, A-B",/home/tdm/datasets/encyclopaedia-britannica-sample/144133901,alto/188091383.34.xml,scotland,"['in', 'the', 'counties', 'pf', 'northumberland', 'cumberland', 'westmoreland', 'tmdfeveral', 'parts', 'of', 'scotland', 'it', 'was', 'formerly', 'taken', 'for', 'a', 'certain', 'rent', 'of', 'money']"
1771,"Encyclopaedia Britannica; or, A dictionary of arts and sciences, compiled upon a new plan","First edition, 1771, Volume 1, A-B",/home/tdm/datasets/encyclopaedia-britannica-sample/144133901,alto/188091383.34.xml,scotland,"['blair', 'of', 'athol', 'a', 'small', 'tow', 'n', 'of', 'athol', 'in', 'scotland', 'situated', 'about', 'twentyeight', 'miles', 'north', 'of', 'perth', 'blairia', 'in', 'botany']"
1771,"Encyclopaedia Britannica; or, A dictionary of arts and sciences, compiled upon a new plan","First edition, 1771, Volume 1, A-B",/home/tdm/datasets/encyclopaedia-britannica-sample/144133901,alto/188091643.34.xml,scotland,"['boriftkenes', 'bog', 'or', 'bog', 'of', 'gight', 'a', 'foiall', 'town', 'of', 'scotland', 'g', 'near']"
1771,"Encyclopaedia Britannica; or, A dictionary of arts and sciences, compiled upon a new plan","First edition, 1771, Volume 1, A-B",/home/tdm/datasets/encyclopaedia-britannica-sample/144133901,alto/188091695.34.xml,scotland,"['see', 'hat', 'bonnets', 'are', 'llill', 'used', 'in', 'many', 'parts', 'of', 'scotland', 'bonnet', 'in', 'fortification', 'a', 'small', 'work', 'confiding', 'of', 'two', 'faces']"
1771,"Encyclopaedia Britannica; or, A dictionary of arts and sciences, compiled upon a new plan","First edition, 1771, Volume 1, A-B",/home/tdm/datasets/encyclopaedia-britannica-sample/144133901,alto/188091994.34.xml,edinburgh,"['i', 'w', 'a', 's', 't', 'e', 'b', 'o', 'o', 'k', 'edinburgh', 'the', 'ill', 'of', 'january', 'i', 'inventory', 'of', 'the', 'money', 'goods']"
1771,"Encyclopaedia Britannica; or, A dictionary of arts and sciences, compiled upon a new plan","First edition, 1771, Volume 1, A-B",/home/tdm/datasets/encyclopaedia-britannica-sample/144133901,alto/188092072.34.xml,edinburgh,"['r', 'b', 'o', 'o', 'k', 'k', 'e', 'journal', 'edinburgh', 'the', 'ill', 'of', 'january', 'sundries', 'drs', 'to', 'stock', 'cajh', 'for']"
1771,"Encyclopaedia Britannica; or, A dictionary of arts and sciences, compiled upon a new plan","First edition, 1771, Volume 1, A-B",/home/tdm/datasets/encyclopaedia-britannica-sample/144133901,alto/188092371.34.xml,scotland,"['of', 'barony', 'see', 'law', 'tit', 'inferior', 'judges', 'and', 'courts', 'of', 'scotland', 'boroughenglish', 'a', 'customary', 'defeent', 'of', 'lands', 'or', 'tenements', 'in', 'certain']"
1771,"Encyclopaedia Britannica; or, A dictionary of arts and sciences, compiled upon a new plan","First edition, 1771, Volume 1, A-B",/home/tdm/datasets/encyclopaedia-britannica-sample/144133901,alto/188092397.34.xml,scotland,"['all', 'in', 'all', 'mountainous', 'countries', 'as', 'wales', 'the', 'highlands', 'of', 'scotland', 'the', 'black', 'cattle', 'are', 'exceedingly', 'small', 'but', 'hardy', 'and', 'when']"
1771,"Encyclopaedia Britannica; or, A dictionary of arts and sciences, compiled upon a new plan","First edition, 1771, Volume 1, A-B",/home/tdm/datasets/encyclopaedia-britannica-sample/144133901,alto/188092462.34.xml,edinburgh,"['hope', 'profelfor', 'of', 'medicine', 'and', 'botany', 'in', 'the', 'univerflty', 'of', 'edinburgh', 'immediately', 'after', 'the', 'dodors', 'adwiiition', 'to', 'the', 'botanical', 'chair', 'he']"
1771,"Encyclopaedia Britannica; or, A dictionary of arts and sciences, compiled upon a new plan","First edition, 1771, Volume 1, A-B",/home/tdm/datasets/encyclopaedia-britannica-sample/144133901,alto/188092475.34.xml,edinburgh,"['detergent', 'qualities', 'and', 'as', 'such', 'are', 'admitted', 'into', 'both', 'the', 'edinburgh', 'and', 'london', 'difpenfatories', 'the', 'aparine', 'gallium', 'bc', 'pofless', 'the', 'same']"
1771,"Encyclopaedia Britannica; or, A dictionary of arts and sciences, compiled upon a new plan","First edition, 1771, Volume 1, A-B",/home/tdm/datasets/encyclopaedia-britannica-sample/144133901,alto/188092475.34.xml,scotland,"['more', 'plants', 'than', 'were', 'ever', 'formerly', 'supposed', 'to', 'grow', 'in', 'scotland', 'after', 'this', 'acquisition', 'the', 'dr', 'judiciously', 'changed', 'the', 'object', 'of']"
1771,"Encyclopaedia Britannica; or, A dictionary of arts and sciences, compiled upon a new plan","First edition, 1771, Volume 1, A-B",/home/tdm/datasets/encyclopaedia-britannica-sample/144133901,alto/188092527.34.xml,scotland,"['a', 'chalky', 'soil', 'this', 'herb', 'which', 'is', 'a', 'native', 'of', 'scotland', 'gives', 'cloth', 'a', 'most', 'beautiful', 'yellow', 'colour', 'and', 'is', 'much']"
1771,"Encyclopaedia Britannica; or, A dictionary of arts and sciences, compiled upon a new plan","First edition, 1771, Volume 1, A-B",/home/tdm/datasets/encyclopaedia-britannica-sample/144133901,alto/188092644.34.xml,edinburgh,"['them', 'to', 'dr', 'hope', 'professor', 'of', 'medicine', 'and', 'botany', 'in', 'edinburgh', 'dr', 'hope', 'sowed', 'them', 'in', 'the', 'botanical', 'garden', 'arid', 'collet']"
1771,"Encyclopaedia Britannica; or, A dictionary of arts and sciences, compiled upon a new plan","First edition, 1771, Volume 1, A-B",/home/tdm/datasets/encyclopaedia-britannica-sample/144133901,alto/188092644.34.xml,scotland,"['garden', 'of', 'sir', 'alexander', 'dick', 'and', 'many', 'other', 'gardens', 'in', 'scotland', 'the', 'root', 'is', 'found', 'by', 'repeated', 'trials', 'to', 'be', 'equally']"
1771,"Encyclopaedia Britannica; or, A dictionary of arts and sciences, compiled upon a new plan","First edition, 1771, Volume 1, A-B",/home/tdm/datasets/encyclopaedia-britannica-sample/144133901,alto/188093047.34.xml,scotland,"['respiration', 'brechin', 'a', 'boroughtown', 'of', 'the', 'county', 'of', 'angus', 'in', 'scotland', 'about', 'miles', 'northeast', 'of', 'dundee', 'w', 'long', 'north', 'lat', 'qd']"
1771,"Encyclopaedia Britannica; or, A dictionary of arts and sciences, compiled upon a new plan","First edition, 1771, Volume 1, A-B",/home/tdm/datasets/encyclopaedia-britannica-sample/144133901,alto/188093216.34.xml,woman,"['last', 'are', 'afterwards', 'filled', 'with', 'a', 'fine', 'plaster', 'bride', 'a', 'woman', 'newly', 'married', 'among', 'the', 'greeks', 'it', 'was', 'customary', 'for', 'the']"
1771,"Encyclopaedia Britannica; or, A dictionary of arts and sciences, compiled upon a new plan","First edition, 1771, Volume 1, A-B",/home/tdm/datasets/encyclopaedia-britannica-sample/144133901,alto/188093216.34.xml,woman,"['brides', 'for', 'matters', 'being', 'agreed', 'on', 'between', 'them', 'two', 'the', 'woman', 'hat', 'contrived', 'and', 'managed', 'the', 'match', 'having', 'haved', 'the', 'brides']"
1771,"Encyclopaedia Britannica; or, A dictionary of arts and sciences, compiled upon a new plan","First edition, 1771, Volume 1, A-B",/home/tdm/datasets/encyclopaedia-britannica-sample/144133901,alto/188093268.34.xml,scotland,"['britain', 'is', 'into', 'south', 'and', 'north', 'britain', 'or', 'england', 'and', 'scotland', 'new', 'britain', 'a', 'large', 'country', 'of', 'north', 'america', 'called', 'also']"
1771,"Encyclopaedia Britannica; or, A dictionary of arts and sciences, compiled upon a new plan","First edition, 1771, Volume 1, A-B",/home/tdm/datasets/encyclopaedia-britannica-sample/144133901,alto/188093268.34.xml,scotland,"['or', 'ironwire', 'broadalbin', 'a', 'diftritt', 'or', 'county', 'of', 'perthfhire', 'in', 'scotland', 'bordering', 'upon', 'argyleftiire', 'it', 'gives', 'the', 'title', 'of', 'earl', 'to']"
1771,"Encyclopaedia Britannica; or, A dictionary of arts and sciences, compiled upon a new plan","First edition, 1771, Volume 1, A-B",/home/tdm/datasets/encyclopaedia-britannica-sample/144133901,alto/188093307.34.xml,edinburgh,"['coalt', 'of', 'fife', 'in', 'scotland', 'about', 'ten', 'miles', 'northwell', 'of', 'edinburgh', 'w', 'long', 'and', 'n', 'lat', 'i', 'brush', 'an', 'inllrument', 'made']"
1771,"Encyclopaedia Britannica; or, A dictionary of arts and sciences, compiled upon a new plan","First edition, 1771, Volume 1, A-B",/home/tdm/datasets/encyclopaedia-britannica-sample/144133901,alto/188093307.34.xml,scotland,"['wolfembuttle', 'burntisland', 'a', 'parliamenttown', 'on', 'the', 'coalt', 'of', 'fife', 'in', 'scotland', 'about', 'ten', 'miles', 'northwell', 'of', 'edinburgh', 'w', 'long', 'and', 'n']"
1771,"Encyclopaedia Britannica; or, A dictionary of arts and sciences, compiled upon a new plan","First edition, 1771, Volume 1, A-B",/home/tdm/datasets/encyclopaedia-britannica-sample/144133901,alto/188093333.34.xml,scotland,"['de', 'bucb', 'buchan', 'a', 'country', 'or', 'district', 'of', 'aberdeenftiire', 'in', 'scotland', 'it', 'gives', 'the', 'title', 'of', 'earl', 'to', 'the', 'noble', 'and']"
1771,"Encyclopaedia Britannica; or, A dictionary of arts and sciences, compiled upon a new plan","First edition, 1771, Volume 1, A-B",/home/tdm/datasets/encyclopaedia-britannica-sample/144133901,alto/188093359.34.xml,woman,"['confusion', 'of', 'species', 'that', 'is', 'to', 'say', 'a', 'man', 'or', 'woman', 'with', 'a', 'brute', 'beast', 'or', 'sexes', 'as', 'a', 'man', 'with']"
1771,"Encyclopaedia Britannica; or, A dictionary of arts and sciences, compiled upon a new plan","First edition, 1771, Volume 1, A-B",/home/tdm/datasets/encyclopaedia-britannica-sample/144133901,alto/188093359.34.xml,woman,"['a', 'man', 'with', 'a', 'man', 'or', 'man', 'unnaturally', 'with', 'a', 'woman', 'it', 'is', 'said', 'this', 'sin', 'against', 'god', 'and', 'nature', 'was']"
1771,"Encyclopaedia Britannica; or, A dictionary of arts and sciences, compiled upon a new plan","First edition, 1771, Volume 1, A-B",/home/tdm/datasets/encyclopaedia-britannica-sample/144133901,alto/188093463.34.xml,scotland,"['hersr', 'broom', 'in', 'botany', 'see', 'ruscus', 'bute', 'an', 'iftand', 'of', 'scotland', 'lying', 'in', 'the', 'mouth', 'of', 'the', 'frith', 'of', 'clyde', 'south']"
1771,"Encyclopaedia Britannica; or, A dictionary of arts and sciences, compiled upon a new plan","First edition, 1771, Volume 1, A-B",/home/tdm/datasets/encyclopaedia-britannica-sample/144133901,alto/188093489.34.xml,scotland,"['to', 'the', 'public', 'lawsin', 'being', 'byrlaw', 'orgya', 'law', 'awr', 'in', 'scotland', 'ate', 'made', 'and', 'determined', 'by', 'neighbours', 'eledfed', 'by', 'common', 'consent']"
1771,"Encyclopaedia Britannica; or, A dictionary of arts and sciences, compiled upon a new plan","First edition, 1771, Volume 1, A-B",/home/tdm/datasets/encyclopaedia-britannica-sample/144133901,alto/188082852.34.xml,man,"['selfevident', 'or', 'previously', 'difeovered', 'principles', 'it', 'is', 'well', 'if', 'a', 'man', 'be', 'capable', 'of', 'comprehending', 'the', 'principles', 'and', 'relations', 'of', 'the']"
1771,"Encyclopaedia Britannica; or, A dictionary of arts and sciences, compiled upon a new plan","First edition, 1771, Volume 1, A-B",/home/tdm/datasets/encyclopaedia-britannica-sample/144133901,alto/188082852.34.xml,man,"['before', 'him', 'in', 'one', 'uninterrupted', 'chain', 'but', 'where', 'is', 'the', 'man', 'who', 'can', 'learn', 'the', 'principles', 'of', 'any', 'science', 'from', 'a']"
1771,"Encyclopaedia Britannica; or, A dictionary of arts and sciences, compiled upon a new plan","First edition, 1771, Volume 1, A-B",/home/tdm/datasets/encyclopaedia-britannica-sample/144133901,alto/188082852.34.xml,man,"['hitherto', 'adopted', 'we', 'will', 'however', 'venture', 'to', 'affirm', 'that', 'any', 'man', 'of', 'ordinary', 'parts', 'may', 'if', 'he', 'chuffs', 'learn', 'the', 'principles']"
1771,"Encyclopaedia Britannica; or, A dictionary of arts and sciences, compiled upon a new plan","First edition, 1771, Volume 1, A-B",/home/tdm/datasets/encyclopaedia-britannica-sample/144133901,alto/188082969.34.xml,man,"['the', 'evidence', 'arising', 'from', 'the', 'single', 'te', 'ftimony', 'of', 'a', 'man', 'of', 'known', 'veracity', 'will', 'go', 'far', 'to', 'eftabliffi']"
1771,"Encyclopaedia Britannica; or, A dictionary of arts and sciences, compiled upon a new plan","First edition, 1771, Volume 1, A-B",/home/tdm/datasets/encyclopaedia-britannica-sample/144133901,alto/188083037.34.xml,man,"['called', 'the', 'menage', 'academy', 'figure', 'a', 'drawing', 'of', 'a', 'naked', 'man', 'or', 'woman', 'taken', 'from', 'the', 'life', 'which', 'is', 'usually', 'done']"
1771,"Encyclopaedia Britannica; or, A dictionary of arts and sciences, compiled upon a new plan","First edition, 1771, Volume 1, A-B",/home/tdm/datasets/encyclopaedia-britannica-sample/144133901,alto/188083063.34.xml,man,"['curiam', 'in', 'the', 'engliffi', 'law', 'a', 'writ', 'lying', 'where', 'a', 'man', 'has', 'received', 'or', 'fears', 'false', 'judgment', 'in', 'an', 'inferior', 'court']"
1771,"Encyclopaedia Britannica; or, A dictionary of arts and sciences, compiled upon a new plan","First edition, 1771, Volume 1, A-B",/home/tdm/datasets/encyclopaedia-britannica-sample/144133901,alto/188083219.34.xml,man,"['alluding', 'to', 'that', 'species', 'of', 'earth', 'of', 'which', 'the', 'first', 'man', 'is', 'supposed', 'to', 'have', 'been', 'made', 'adamites', 'in', 'church', 'history']"
1771,"Encyclopaedia Britannica; or, A dictionary of arts and sciences, compiled upon a new plan","First edition, 1771, Volume 1, A-B",/home/tdm/datasets/encyclopaedia-britannica-sample/144133901,alto/188083219.34.xml,man,"['ceylon', 'on', 'the', 'top', 'of', 'which', 'they', 'believe', 'the', 'first', 'man', 'was', 'created', 'and', 'there', 'is', 'the', 'st', 'ape', 'of', 'a']"
1771,"Encyclopaedia Britannica; or, A dictionary of arts and sciences, compiled upon a new plan","First edition, 1771, Volume 1, A-B",/home/tdm/datasets/encyclopaedia-britannica-sample/144133901,alto/188083232.34.xml,man,"['is', 'that', 'title', 'or', 'defiguation', 'which', 'is', 'given', 'to', 'a', 'man', 'over', 'and', 'above', 'his', 'proper', 'name', 'and', 'firnarae', 'to', 'hew']"
1771,"Encyclopaedia Britannica; or, A dictionary of arts and sciences, compiled upon a new plan","First edition, 1771, Volume 1, A-B",/home/tdm/datasets/encyclopaedia-britannica-sample/144133901,alto/188083310.34.xml,man,"['follows', 'it', 'thus', 'in', 'the', 'phrase', 'he', 'is', 'an', 'honejl', 'man', 'but', 'a', 'great', 'enthujiafi', 'the', 'word', 'but', 'is', 'an', 'adverfative']"
1771,"Encyclopaedia Britannica; or, A dictionary of arts and sciences, compiled upon a new plan","First edition, 1771, Volume 1, A-B",/home/tdm/datasets/encyclopaedia-britannica-sample/144133901,alto/188083336.34.xml,man,"['cats', 'represented', 'sometimes', 'like', 'a', 'cat', 'and', 'foinetimes', 'like', 'a', 'man', 'with', 'a', 'cats', 'head', 'i', 'eheatores', 'in', 'roman', 'antiquity', 'a']"
1771,"Encyclopaedia Britannica; or, A dictionary of arts and sciences, compiled upon a new plan","First edition, 1771, Volume 1, A-B",/home/tdm/datasets/encyclopaedia-britannica-sample/144133901,alto/188083362.34.xml,man,"['in', 'the', 'way', 'of', 'conjefture', 'which', 'will', 'never', 'lead', 'any', 'man', 'to', 'truth', 'he', 'had', 'recourse', 'to', 'a', 'subtile', 'elastic', 'scther']"
1771,"Encyclopaedia Britannica; or, A dictionary of arts and sciences, compiled upon a new plan","First edition, 1771, Volume 1, A-B",/home/tdm/datasets/encyclopaedia-britannica-sample/144133901,alto/188083362.34.xml,man,"['looked', 'upon', 'this', 'attempt', 'as', 'the', 'foible', 'of', 'a', 'great', 'man', 'or', 'at', 'lead', 'as', 'the', 'mod', 'useless', 'part', 'of', 'his']"
1771,"Encyclopaedia Britannica; or, A dictionary of arts and sciences, compiled upon a new plan","First edition, 1771, Volume 1, A-B",/home/tdm/datasets/encyclopaedia-britannica-sample/144133901,alto/188083388.34.xml,man,"['what', 'faculty', 'of', 'the', 'soul', 'the', 'difpofltion', 'arises', 'in', 'mortal', 'man', 'of', 'taking', 'it', 'into', 'his', 'head', 'toadvance', 'new', 'systems', 'with']"
1771,"Encyclopaedia Britannica; or, A dictionary of arts and sciences, compiled upon a new plan","First edition, 1771, Volume 1, A-B",/home/tdm/datasets/encyclopaedia-britannica-sample/144133901,alto/188083388.34.xml,man,"['and', 'chains', 'and', 'dark', 'chambers', 'arid', 'st', 'raw', 'for', 'what', 'man', 'in', 'the', 'natural', 'hate', 'or', 'course', 'of', 'think', 'ing', 'did']"
1771,"Encyclopaedia Britannica; or, A dictionary of arts and sciences, compiled upon a new plan","First edition, 1771, Volume 1, A-B",/home/tdm/datasets/encyclopaedia-britannica-sample/144133901,alto/188083401.34.xml,man,"['in', 'law', 'denotes', 'the', 'mutual', 'plighting', 'of', 'troth', 'between', 'a', 'man', 'and', 'a', 'woman', 'to', 'marry', 'each', 'other', 'affiche', 'a', 'term']"
1771,"Encyclopaedia Britannica; or, A dictionary of arts and sciences, compiled upon a new plan","First edition, 1771, Volume 1, A-B",/home/tdm/datasets/encyclopaedia-britannica-sample/144133901,alto/188083427.34.xml,man,"['both', 'sexes', 'are', 'enabled', 'to', 'do', 'certain', 'ads', 'thus', 'a', 'man', 'at', 'twelve', 'years', 'of', 'age', 'ought', 'to', 'take', 'the', 'oath']"
1771,"Encyclopaedia Britannica; or, A dictionary of arts and sciences, compiled upon a new plan","First edition, 1771, Volume 1, A-B",/home/tdm/datasets/encyclopaedia-britannica-sample/144133901,alto/188083427.34.xml,man,"['foecage', 'voli', 'no', 'age', 'twentyone', 'is', 'called', 'full', 'age', 'a', 'man', 'or', 'voman', 'being', 'then', 'capable', 'of', 'ading', 'for', 'themselves', 'of']"
1771,"Encyclopaedia Britannica; or, A dictionary of arts and sciences, compiled upon a new plan","First edition, 1771, Volume 1, A-B",/home/tdm/datasets/encyclopaedia-britannica-sample/144133901,alto/188083427.34.xml,man,"['agenda', 'among', 'philosophers', 'and', 'divines', 'signifies', 'the', 'duties', 'which', 'a', 'man', 'lies', 'under', 'an', 'obligation', 'to', 'perform', 'thus', 'we', 'meet', 'with']"
1771,"Encyclopaedia Britannica; or, A dictionary of arts and sciences, compiled upon a new plan","First edition, 1771, Volume 1, A-B",/home/tdm/datasets/encyclopaedia-britannica-sample/144133901,alto/188083726.34.xml,man,"['rising', 'are', 'apt', 'to', 'entangle', 'or', 'choke', 'the', 'beam', 'another', 'man', 'is', 'also', 'neceflary', 'to', 'pulh', 'them', 'off', 'with', 'a', 'pitchfork']"
1771,"Encyclopaedia Britannica; or, A dictionary of arts and sciences, compiled upon a new plan","First edition, 1771, Volume 1, A-B",/home/tdm/datasets/encyclopaedia-britannica-sample/144133901,alto/188084077.34.xml,man,"['negroes', 'as', 'monders', 'they', 'are', 'the', 'ilfue', 'of', 'a', 'white', 'man', 'and', 'black', 'woman', 'and', 'at', 'a', 'didanee', 'might', 'be', 'taken']"
1771,"Encyclopaedia Britannica; or, A dictionary of arts and sciences, compiled upon a new plan","First edition, 1771, Volume 1, A-B",/home/tdm/datasets/encyclopaedia-britannica-sample/144133901,alto/188084168.34.xml,man,"['between', 'the', 'value', 'of', 'effedls', 'or', 'money', 'due', 'to', 'a', 'man', 'and', 'money', 'due', 'by', 'him', 'when', 'two', 'quantities', 'equal', 'in']"
1771,"Encyclopaedia Britannica; or, A dictionary of arts and sciences, compiled upon a new plan","First edition, 1771, Volume 1, A-B",/home/tdm/datasets/encyclopaedia-britannica-sample/144133901,alto/188084168.34.xml,man,"['and', 'their', 'amount', 'is', 'nothing', 'thus', 'tool', 'due', 'to', 'a', 'man', 'and', 'i', 'oo', 'due', 'by', 'him', 'balance', 'each', 'other', 'and']"
1771,"Encyclopaedia Britannica; or, A dictionary of arts and sciences, compiled upon a new plan","First edition, 1771, Volume 1, A-B",/home/tdm/datasets/encyclopaedia-britannica-sample/144133901,alto/188084350.34.xml,man,"['the', 'rest', 'found', 'that', 'their', 'ihares', 'amounted', 'to', 'r', 'a', 'man', 'more', 'than', 'if', 'all', 'had', 'paid', 'qu', 'how', 'many', 'were']"
1771,"Encyclopaedia Britannica; or, A dictionary of arts and sciences, compiled upon a new plan","First edition, 1771, Volume 1, A-B",/home/tdm/datasets/encyclopaedia-britannica-sample/144133901,alto/188084610.34.xml,man,"['quantity', 'that', 'will', 'result', 'from', 'this', 'fubflitution', 'will', 'necefiarily', 'have', 'man', 'f', 'r', 'one', 'of', 'its', 'divifors', 'since', 'in', 'this', 'fubflitution']"
1771,"Encyclopaedia Britannica; or, A dictionary of arts and sciences, compiled upon a new plan","First edition, 1771, Volume 1, A-B",/home/tdm/datasets/encyclopaedia-britannica-sample/144133901,alto/188084727.34.xml,man,"['by', 'which', 'means', 'the', 'goods', 'are', 'divided', 'without', 'partiality', 'each', 'man', 'having', 'the', 'parcel', 'upon', 'which', 'his', 'name', 'is', 'fixed', 'allowances']"
1771,"Encyclopaedia Britannica; or, A dictionary of arts and sciences, compiled upon a new plan","First edition, 1771, Volume 1, A-B",/home/tdm/datasets/encyclopaedia-britannica-sample/144133901,alto/188084857.34.xml,man,"['name', 'who', 'are', 'represented', 'as', 'governed', 'by', 'a', 'queen', 'no', 'man', 'being', 'permitted', 'to', 'live', 'among', 'them', 'only', 'at', 'a', 'certain']"
1771,"Encyclopaedia Britannica; or, A dictionary of arts and sciences, compiled upon a new plan","First edition, 1771, Volume 1, A-B",/home/tdm/datasets/encyclopaedia-britannica-sample/144133901,alto/188084974.34.xml,man,"['and', 'fubjedt', 'themselves', 'in', 'civil', 'matters', 'to', 'every', 'ordinance', 'of', 'man', 'for', 'the', 'lords', 'sake', 'they', 'consider', 'the', 'kingdom', 'of', 'christ']"
1771,"Encyclopaedia Britannica; or, A dictionary of arts and sciences, compiled upon a new plan","First edition, 1771, Volume 1, A-B",/home/tdm/datasets/encyclopaedia-britannica-sample/144133901,alto/188086690.34.xml,man,"['than', 'in', 'the', 'flomach', 'but', 'the', 'texture', 'of', 'them', 'in', 'man', 'is', 'not', 'like', 'hairs', 'as', 'they', 'are', 'commonly', 'represented', 'in']"
1771,"Encyclopaedia Britannica; or, A dictionary of arts and sciences, compiled upon a new plan","First edition, 1771, Volume 1, A-B",/home/tdm/datasets/encyclopaedia-britannica-sample/144133901,alto/188086820.34.xml,man,"['the', 'common', 'fern', 'the', 'pancreatic', 'dust', 'is', 'sometimes', 'double', 'in', 'man', 'one', 'lying', 'above', 'the', 'other', 'it', 'is', 'not', 'always', 'of']"
1771,"Encyclopaedia Britannica; or, A dictionary of arts and sciences, compiled upon a new plan","First edition, 1771, Volume 1, A-B",/home/tdm/datasets/encyclopaedia-britannica-sample/144133901,alto/188086820.34.xml,man,"['of', 'the', 'spleen', 'is', 'not', 'easy', 'to', 'be', 'unfolded', 'in', 'man', 'and', 'it', 'is', 'very', 'different', 'from', 'that', 'of', 'the', 'fplecns']"
1771,"Encyclopaedia Britannica; or, A dictionary of arts and sciences, compiled upon a new plan","First edition, 1771, Volume 1, A-B",/home/tdm/datasets/encyclopaedia-britannica-sample/144133901,alto/188086820.34.xml,man,"['commonly', 'made', 'its', 'coverings', 'adhere', 'to', 'it', 'so', 'closely', 'in', 'man', 'that', 'it', 'is', 'difficult', 'to', 'distinguish', 'the', 'common', 'from', 'the']"
1771,"Encyclopaedia Britannica; or, A dictionary of arts and sciences, compiled upon a new plan","First edition, 1771, Volume 1, A-B",/home/tdm/datasets/encyclopaedia-britannica-sample/144133901,alto/188086820.34.xml,man,"['than', 'by', 'the', 'intervention', 'of', 'the', 'omentum', 'and', 'mefocolon', 'in', 'man', 'the', 'substance', 'of', 'the', 'spleen', 'is', 'almost', 'wholly', 'vafcular', 'in']"
1771,"Encyclopaedia Britannica; or, A dictionary of arts and sciences, compiled upon a new plan","First edition, 1771, Volume 1, A-B",/home/tdm/datasets/encyclopaedia-britannica-sample/144133901,alto/188086846.34.xml,man,"['of', 'which', 'it', 'is', 'a', 'continuation', 'and', 'its', 'cavity', 'in', 'man', 'is', 'not', 'uniform', 'but', 'diftinguifted', 'into', 'three', 'portions', 'each', 'of']"
1771,"Encyclopaedia Britannica; or, A dictionary of arts and sciences, compiled upon a new plan","First edition, 1771, Volume 1, A-B",/home/tdm/datasets/encyclopaedia-britannica-sample/144133901,alto/188087197.34.xml,man,"['inferior', 'he', 'superior', 'is', 'the', 'largest', 'and', 'most', 'moveable', 'in', 'man', 'they', 'both', 'unite', 'at', 'eachside', 'of', 'the', 'globe', 'and', 'the']"
1771,"Encyclopaedia Britannica; or, A dictionary of arts and sciences, compiled upon a new plan","First edition, 1771, Volume 1, A-B",/home/tdm/datasets/encyclopaedia-britannica-sample/144133901,alto/188087418.34.xml,man,"['which', 'by', 'certain', 'springs', 'performs', 'several', 'external', 'fundtions', 'of', 'a', 'man', 'see', 'automaton', 'androlepsy', 'in', 'grecian', 'antiquity', 'an', 'adlion', 'allowed', 'by']"
1771,"Encyclopaedia Britannica; or, A dictionary of arts and sciences, compiled upon a new plan","First edition, 1771, Volume 1, A-B",/home/tdm/datasets/encyclopaedia-britannica-sample/144133901,alto/188087613.34.xml,man,"['christ', 'notwithstanding', 'that', 'they', 'believed', 'him', 'to', 'be', 'a', 'mere', 'man', 'anthropolatria', 'the', 'paying', 'divine', 'honours', 'to', 'a', 'man', 'supposed', 'to']"
1771,"Encyclopaedia Britannica; or, A dictionary of arts and sciences, compiled upon a new plan","First edition, 1771, Volume 1, A-B",/home/tdm/datasets/encyclopaedia-britannica-sample/144133901,alto/188087613.34.xml,man,"['a', 'mere', 'man', 'anthropolatria', 'the', 'paying', 'divine', 'honours', 'to', 'a', 'man', 'supposed', 'to', 'be', 'the', 'most', 'ancient', 'kind', 'of', 'idolatry', 'anthropology']"
1771,"Encyclopaedia Britannica; or, A dictionary of arts and sciences, compiled upon a new plan","First edition, 1771, Volume 1, A-B",/home/tdm/datasets/encyclopaedia-britannica-sample/144133901,alto/188087613.34.xml,man,"['palfage', 'of', 'genesis', 'in', 'which', 'it', 'is', 'said', 'god', 'made', 'man', 'after', 'his', 'own', 'image', 'maintained', 'that', 'god', 'had', 'a', 'human']"
1771,"Encyclopaedia Britannica; or, A dictionary of arts and sciences, compiled upon a new plan","First edition, 1771, Volume 1, A-B",/home/tdm/datasets/encyclopaedia-britannica-sample/144133901,alto/188087613.34.xml,man,"['paflion', 'is', 'aferibed', 'to', 'god', 'which', 'properly', 'belongs', 'only', 'to', 'man', 'anthroposcopy', 'that', 'part', 'of', 'physiognomy', 'which', 'judges', 'of', 'a', 'mans']"
1771,"Encyclopaedia Britannica; or, A dictionary of arts and sciences, compiled upon a new plan","First edition, 1771, Volume 1, A-B",/home/tdm/datasets/encyclopaedia-britannica-sample/144133901,alto/188087626.34.xml,man,"['end', 'of', 'the', 'world', 'he', 'is', 'called', 'in', 'scripture', 'the', 'man', 'of', 'ftn', 'the', 'man', 'of', 'perditi', 'jfj', 'c', 'antichthones', 'in']"
1771,"Encyclopaedia Britannica; or, A dictionary of arts and sciences, compiled upon a new plan","First edition, 1771, Volume 1, A-B",/home/tdm/datasets/encyclopaedia-britannica-sample/144133901,alto/188087626.34.xml,man,"['he', 'is', 'called', 'in', 'scripture', 'the', 'man', 'of', 'ftn', 'the', 'man', 'of', 'perditi', 'jfj', 'c', 'antichthones', 'in', 'ancient', 'geography', 'an', 'appellation']"
1771,"Encyclopaedia Britannica; or, A dictionary of arts and sciences, compiled upon a new plan","First edition, 1771, Volume 1, A-B",/home/tdm/datasets/encyclopaedia-britannica-sample/144133901,alto/188087639.34.xml,man,"['instead', 'of', 'aristotle', 'and', 'the', 'orator', 'for', 'cicero', 'thus', 'a', 'man', 'is', 'called', 'by', 'the', 'came', 'of', 'his', 'country', 'a', 'german']"
1771,"Encyclopaedia Britannica; or, A dictionary of arts and sciences, compiled upon a new plan","First edition, 1771, Volume 1, A-B",/home/tdm/datasets/encyclopaedia-britannica-sample/144133901,alto/188087639.34.xml,man,"['of', 'his', 'country', 'a', 'german', 'an', 'italian', 'and', 'a', 'grave', 'man', 'is', 'called', 'a', 'cato', 'and', 'a', 'wife', 'man', 'a', 'solomon']"
1771,"Encyclopaedia Britannica; or, A dictionary of arts and sciences, compiled upon a new plan","First edition, 1771, Volume 1, A-B",/home/tdm/datasets/encyclopaedia-britannica-sample/144133901,alto/188087639.34.xml,man,"['a', 'grave', 'man', 'is', 'called', 'a', 'cato', 'and', 'a', 'wife', 'man', 'a', 'solomon', 'antrim', 'the', 'most', 'northeast', 'county', 'of', 'ulster', 'in']"
1771,"Encyclopaedia Britannica; or, A dictionary of arts and sciences, compiled upon a new plan","First edition, 1771, Volume 1, A-B",/home/tdm/datasets/encyclopaedia-britannica-sample/144133901,alto/188087821.34.xml,man,"['p', 'o', 'a', 'p', 'p', 'the', 'romanifts', 'it', 'signifies', 'a', 'man', 'who', 'without', 'a', 'legal', 'dispensation', 'forfakes', 'a', 'religious', 'order', 'of']"
1771,"Encyclopaedia Britannica; or, A dictionary of arts and sciences, compiled upon a new plan","First edition, 1771, Volume 1, A-B",/home/tdm/datasets/encyclopaedia-britannica-sample/144133901,alto/188087834.34.xml,man,"['special', 'these', 'are', 'called', 'apf', 'hrive', 'so', 'f', 'fiih', 'bird', 'man', 'city', 'river', 'are', 'common', 'names', 'and', 'so', 'are', 'troot', 'eel']"
1771,"Encyclopaedia Britannica; or, A dictionary of arts and sciences, compiled upon a new plan","First edition, 1771, Volume 1, A-B",/home/tdm/datasets/encyclopaedia-britannica-sample/144133901,alto/188087964.34.xml,man,"['as', 'the', 'doric', 'had', 'been', 'on', 'those', 'of', 'a', 'robust', 'man', 'the', 'capital', 'was', 'adorned', 'with', 'volutes', 'to', 'represent', 'the', 'curls']"
1771,"Encyclopaedia Britannica; or, A dictionary of arts and sciences, compiled upon a new plan","First edition, 1771, Volume 1, A-B",/home/tdm/datasets/encyclopaedia-britannica-sample/144133901,alto/188088159.34.xml,man,"['and', 'compare', 'a', 'column', 'raised', 'on', 'a', 'pedestal', 'to', 'a', 'man', 'mounted', 'on', 'stilts', 'imagining', 'that', 'they', 'were', 'introduced', 'merely', 'from']"
1771,"Encyclopaedia Britannica; or, A dictionary of arts and sciences, compiled upon a new plan","First edition, 1771, Volume 1, A-B",/home/tdm/datasets/encyclopaedia-britannica-sample/144133901,alto/188088809.34.xml,man,"['b', 'i', 'for', 'months', 'they', 'gain', 'i', 'what', 'sharemust', 'each', 'man', 'have', 'a', 'x', 'third', 'term', 'for', 'as', 'lhare', 'b', 'x']"
1771,"Encyclopaedia Britannica; or, A dictionary of arts and sciences, compiled upon a new plan","First edition, 1771, Volume 1, A-B",/home/tdm/datasets/encyclopaedia-britannica-sample/144133901,alto/188089667.34.xml,man,"['diagram', 'they', 'would', 'appear', 'so', 'anomalous', 'and', 'confused', 'that', 'no', 'man', 'in', 'his', 'senses', 'could', 'believe', 'them', 'to', 'be', 'representations', 'of']"
1771,"Encyclopaedia Britannica; or, A dictionary of arts and sciences, compiled upon a new plan","First edition, 1771, Volume 1, A-B",/home/tdm/datasets/encyclopaedia-britannica-sample/144133901,alto/188089667.34.xml,man,"['those', 'who', 'would', 'rather', 'with', 'the', 'greatest', 'justice', 'charge', 'frail', 'man', 'with', 'ignorance', 'than', 'the', 'almighty', 'with', 'being', 'the', 'author', 'of']"
1771,"Encyclopaedia Britannica; or, A dictionary of arts and sciences, compiled upon a new plan","First edition, 1771, Volume 1, A-B",/home/tdm/datasets/encyclopaedia-britannica-sample/144133901,alto/188090629.34.xml,man,"['by', 'the', 'world', 'but', 'it', 'is', 'justly', 'questioned', 'whether', 'any', 'man', 'ferioufty', 'adopted', 'such', 'a', 'principle', 'these', 'pretensions', 'therefore', 'must', 'be']"
1771,"Encyclopaedia Britannica; or, A dictionary of arts and sciences, compiled upon a new plan","First edition, 1771, Volume 1, A-B",/home/tdm/datasets/encyclopaedia-britannica-sample/144133901,alto/188090681.34.xml,man,"['and', 'so', 'in', 'time', 'it', 'became', 'the', 'power', 'of', 'the', 'man', 'wh', 'is', 'called', 'caufarum', 'negotiorumque', 'audentia', 'cantuarienfis', 'auditor', 'feu', 'officinalis']"
1771,"Encyclopaedia Britannica; or, A dictionary of arts and sciences, compiled upon a new plan","First edition, 1771, Volume 1, A-B",/home/tdm/datasets/encyclopaedia-britannica-sample/144133901,alto/188090681.34.xml,man,"['berwick', 'the', 'mint', 'and', 'of', 'any', 'money', 'impressed', 'to', 'any', 'man', 'for', 'the', 'kings', 'service', 'auditors', 'collegiate', 'conventual', 'see', 'officers', 'formerly']"
1771,"Encyclopaedia Britannica; or, A dictionary of arts and sciences, compiled upon a new plan","First edition, 1771, Volume 1, A-B",/home/tdm/datasets/encyclopaedia-britannica-sample/144133901,alto/188090707.34.xml,man,"['good', 'omen', 'if', 'a', 'flock', 'of', 'birds', 'came', 'about', 'a', 'man', 'it', 'was', 'a', 'favourable', 'presage', 'but', 'the', 'flight', 'of', 'vultures']"
1771,"Encyclopaedia Britannica; or, A dictionary of arts and sciences, compiled upon a new plan","First edition, 1771, Volume 1, A-B",/home/tdm/datasets/encyclopaedia-britannica-sample/144133901,alto/188090720.34.xml,man,"['hooks', 'fattened', 'at', 'each', 'end', 'of', 'a', 'beam', 'which', 'a', 'man', 'lifted', 'up', 'on', 'his', 'hand', 'in', 'many', 'parts', 'of', 'england']"
1771,"Encyclopaedia Britannica; or, A dictionary of arts and sciences, compiled upon a new plan","First edition, 1771, Volume 1, A-B",/home/tdm/datasets/encyclopaedia-britannica-sample/144133901,alto/188090733.34.xml,man,"['andfruits', 'are', 'gathered', 'inautumn', 'is', 'represented', 'in', 'painting', 'by', 'a', 'man', 'at', 'perfect', 'age', 'clothed', 'like', 'the', 'vernal', 'and', 'likewise', 'girded']"
1771,"Encyclopaedia Britannica; or, A dictionary of arts and sciences, compiled upon a new plan","First edition, 1771, Volume 1, A-B",/home/tdm/datasets/encyclopaedia-britannica-sample/144133901,alto/188090863.34.xml,man,"['cut', 'into', 'as', 'many', 'heaps', 'as', 'there', 'are', 'players', 'every', 'man', 'lays', 'as', 'much', 'money', 'on', 'his', 'own', 'card', 'as', 'he']"
1771,"Encyclopaedia Britannica; or, A dictionary of arts and sciences, compiled upon a new plan","First edition, 1771, Volume 1, A-B",/home/tdm/datasets/encyclopaedia-britannica-sample/144133901,alto/188090876.34.xml,man,"['headlong', 'it', 'had', 'ftiarp', 'spikes', 'at', 'the', 'top', 'that', 'no', 'man', 'might', 'escape', 'out', 'and', 'others', 'at', 'the', 'bottom', 'to', 'pierce']"
1771,"Encyclopaedia Britannica; or, A dictionary of arts and sciences, compiled upon a new plan","First edition, 1771, Volume 1, A-B",/home/tdm/datasets/encyclopaedia-britannica-sample/144133901,alto/188090889.34.xml,man,"['and', 'attribute', 'in', 'the', 'second', 'for', 'example', 'bar', 'every', 'wicked', 'man', 'is', 'miserable', 'ba', 'all', 'tyrants', 'are', 'wicked', 'men', 'ra', 'therefore']"
1771,"Encyclopaedia Britannica; or, A dictionary of arts and sciences, compiled upon a new plan","First edition, 1771, Volume 1, A-B",/home/tdm/datasets/encyclopaedia-britannica-sample/144133901,alto/188090915.34.xml,man,"['in', 'heraldry', 'is', 'when', 'the', 'coats', 'of', 'arms', 'of', 'a', 'man', 'and', 'his', 'wife', 'are', 'borne', 'per', 'pale', 'in', 'the', 'same']"
1771,"Encyclopaedia Britannica; or, A dictionary of arts and sciences, compiled upon a new plan","First edition, 1771, Volume 1, A-B",/home/tdm/datasets/encyclopaedia-britannica-sample/144133901,alto/188090915.34.xml,man,"['quarrels', 'either', 'in', 'courts', 'or', 'elsewhere', 'in', 'the', 'country', 'a', 'man', 'cannot', 'be', 'adjudged', 'a', 'barrator', 'for', 'bringing', 'any', 'number', 'of']"
1771,"Encyclopaedia Britannica; or, A dictionary of arts and sciences, compiled upon a new plan","First edition, 1771, Volume 1, A-B",/home/tdm/datasets/encyclopaedia-britannica-sample/144133901,alto/188090980.34.xml,man,"['in', 'e', 'long', 'and', 's', 'lat', 'batchelor', 'or', 'bachelor', 'a', 'man', 'who', 'still', 'continues', 'in', 'the', 'state', 'of', 'celibacy', 'or', 'who']"
1771,"Encyclopaedia Britannica; or, A dictionary of arts and sciences, compiled upon a new plan","First edition, 1771, Volume 1, A-B",/home/tdm/datasets/encyclopaedia-britannica-sample/144133901,alto/188091097.34.xml,man,"['of', 'the', 'monaftical', 'life', 'without', 'observing', 'celibacy', 'and', 'maintained', 'that', 'man', 'could', 'become', 'as', 'perfect', 'in', 'this', 'life', 'as', 'he', 'hall']"
1771,"Encyclopaedia Britannica; or, A dictionary of arts and sciences, compiled upon a new plan","First edition, 1771, Volume 1, A-B",/home/tdm/datasets/encyclopaedia-britannica-sample/144133901,alto/188091565.34.xml,man,"['between', 'two', 'rows', 'of', 'flakes', 'about', 'the', 'height', 'of', 'a', 'man', 'and', 'four', 'or', 'five', 'feet', 'asunder', 'used', 'particularly', 'at', 'the']"
1771,"Encyclopaedia Britannica; or, A dictionary of arts and sciences, compiled upon a new plan","First edition, 1771, Volume 1, A-B",/home/tdm/datasets/encyclopaedia-britannica-sample/144133901,alto/188091643.34.xml,man,"['no', 'flank', 'it', 'is', 'also', 'a', 'general', 'rule', 'that', 'a', 'man', 'ffiould', 'not', 'buy', 'a', 'lightbodied', 'horse', 'and', 'one', 'that', 'is']"
1771,"Encyclopaedia Britannica; or, A dictionary of arts and sciences, compiled upon a new plan","First edition, 1771, Volume 1, A-B",/home/tdm/datasets/encyclopaedia-britannica-sample/144133901,alto/188091708.34.xml,man,"['the', 'effedts', 'is', 'what', 'merchants', 'call', 'neat', 'jlock', 'when', 'a', 'man', 'begins', 'trade', 'the', 'inventory', 'must', 'be', 'gathered', 'from', 'a', 'survey']"
1771,"Encyclopaedia Britannica; or, A dictionary of arts and sciences, compiled upon a new plan","First edition, 1771, Volume 1, A-B",/home/tdm/datasets/encyclopaedia-britannica-sample/144133901,alto/188091864.34.xml,man,"['draw', 'on', 'partner', 'charge', 'cash', 'or', 'e', 'f', 'viz', 'the', 'man', 'you', 'deliver', 'the', 'bill', 'to', 'dr', 'to', 'partner', 'bis', 'accompt']"
1771,"Encyclopaedia Britannica; or, A dictionary of arts and sciences, compiled upon a new plan","First edition, 1771, Volume 1, A-B",/home/tdm/datasets/encyclopaedia-britannica-sample/144133901,alto/188092371.34.xml,man,"['boroughhead', 'or', 'headborough', 'called', 'also', 'boroughholder', 'or', 'burlholder', 'the', 'chief', 'man', 'of', 'the', 'decenna', 'or', 'hundred', 'chofea', 'to', 'speak', 'and', 'act']"
1771,"Encyclopaedia Britannica; or, A dictionary of arts and sciences, compiled upon a new plan","First edition, 1771, Volume 1, A-B",/home/tdm/datasets/encyclopaedia-britannica-sample/144133901,alto/188092436.34.xml,man,"['ones', 'from', 'the', 'salutary', 'it', 'is', 'the', 'duty', 'of', 'every', 'man', 'to', 'point', 'out', 'the', 'remedy', 'for', 'calamities', 'of', 'this', 'kind']"
1771,"Encyclopaedia Britannica; or, A dictionary of arts and sciences, compiled upon a new plan","First edition, 1771, Volume 1, A-B",/home/tdm/datasets/encyclopaedia-britannica-sample/144133901,alto/188092839.34.xml,man,"['his', 'first', 'argument', 'for', 'the', 'coitus', 'of', 'plants', 'refers', 'every', 'man', 'to', 'the', 'evidences', 'of', 'his', 'senses', 'do', 'we', 'not', 'see']"
1771,"Encyclopaedia Britannica; or, A dictionary of arts and sciences, compiled upon a new plan","First edition, 1771, Volume 1, A-B",/home/tdm/datasets/encyclopaedia-britannica-sample/144133901,alto/188092852.34.xml,man,"['definition', 'of', 'life', 'they', 'fpmiancoujly', 'propel', 'humours', 'strange', 'that', 'a', 'man', 'of', 'linnaeuss', 'capacity', 'or', 'indeed', 'of', 'any', 'capacity', 'at', 'all']"
1771,"Encyclopaedia Britannica; or, A dictionary of arts and sciences, compiled upon a new plan","First edition, 1771, Volume 1, A-B",/home/tdm/datasets/encyclopaedia-britannica-sample/144133901,alto/188092852.34.xml,man,"['not', 'the', 'name', 'of', 'argument', 'we', 'are', 'afraid', 'that', 'every', 'man', 'of', 'common', 'sense', 'will', 'conclude', 'that', 'they', 'never', 'were', 'endowed']"
1771,"Encyclopaedia Britannica; or, A dictionary of arts and sciences, compiled upon a new plan","First edition, 1771, Volume 1, A-B",/home/tdm/datasets/encyclopaedia-britannica-sample/144133901,alto/188092865.34.xml,man,"['to', 'this', 'day', 'it', 'remains', 'a', 'very', 'doubtful', 'point', 'whether', 'man', 'and', 'most', 'quadrupedes', 'derive', 'their', 'existence', 'from', 'the', 'same', 'source']"
1771,"Encyclopaedia Britannica; or, A dictionary of arts and sciences, compiled upon a new plan","First edition, 1771, Volume 1, A-B",/home/tdm/datasets/encyclopaedia-britannica-sample/144133901,alto/188092865.34.xml,man,"['render', 'the', 'fubjeft', 'ridiculous', 'try', 'puffiing', 'them', 'too', 'far', 'no', 'man', 'ever', 'blundered', 'more', 'remarkably', 'in', 'this', 'refpedt', 'than', 'linnaeus', 'he']"
1771,"Encyclopaedia Britannica; or, A dictionary of arts and sciences, compiled upon a new plan","First edition, 1771, Volume 1, A-B",/home/tdm/datasets/encyclopaedia-britannica-sample/144133901,alto/188092878.34.xml,man,"['and', 'the', 'poterium', 'to', 'the', 'moncecia', 'polyandria', 'now', 'let', 'any', 'man', 'seriously', 'consider', 'the', 'unavoidable', 'consequences', 'that', 'would', 'follow', 'on', 'the']"
1771,"Encyclopaedia Britannica; or, A dictionary of arts and sciences, compiled upon a new plan","First edition, 1771, Volume 1, A-B",/home/tdm/datasets/encyclopaedia-britannica-sample/144133901,alto/188092878.34.xml,man,"['with', 'any', 'deg', 'yee', 'of', 'candor', 'upon', 'hermaphrodite', 'flowers', 'no', 'man', 'can', 'determine', 'with']"
1771,"Encyclopaedia Britannica; or, A dictionary of arts and sciences, compiled upon a new plan","First edition, 1771, Volume 1, A-B",/home/tdm/datasets/encyclopaedia-britannica-sample/144133901,alto/188092917.34.xml,man,"['have', 'the', 'lead', 'tendency', 'to', 'aflift', 'the', 'botanic', 'student', 'a', 'man', 'would', 'not', 'naturally', 'expert', 'to', 'meet', 'with', 'disgusting', 'strokes', 'of']"
1771,"Encyclopaedia Britannica; or, A dictionary of arts and sciences, compiled upon a new plan","First edition, 1771, Volume 1, A-B",/home/tdm/datasets/encyclopaedia-britannica-sample/144133901,alto/188092930.34.xml,man,"['recompence', 'or', 'amends', 'thus', 'manbote', 'is', 'a', 'cbmpenfation', 'for', 'a', 'man', 'slain', 'there', 'are', 'likewise', 'housebote', 'and', 'ploughbote', 'privileges', 'to', 'tenants']"
1771,"Encyclopaedia Britannica; or, A dictionary of arts and sciences, compiled upon a new plan","First edition, 1771, Volume 1, A-B",/home/tdm/datasets/encyclopaedia-britannica-sample/144133901,alto/188093021.34.xml,man,"['wood', 'or', 'trunk', 'which', 'was', 'before', 'the', 'thickness', 'of', 'a', 'man', 'is', 'scarce', 'left', 'equal', 'to', 'that', 'of', 'his', 'leg', 'this']"
1771,"Encyclopaedia Britannica; or, A dictionary of arts and sciences, compiled upon a new plan","First edition, 1771, Volume 1, A-B",/home/tdm/datasets/encyclopaedia-britannica-sample/144133901,alto/188093047.34.xml,man,"['it', 'from', 'hiding', 'backwards', 'breastplough', 'one', 'so', 'fafliioned', 'that', 'a', 'man', 'may', 'hove', 'it', 'before', 'him', 'breastwork', 'the', 'same', 'with', 'parapet']"
1771,"Encyclopaedia Britannica; or, A dictionary of arts and sciences, compiled upon a new plan","First edition, 1771, Volume 1, A-B",/home/tdm/datasets/encyclopaedia-britannica-sample/144133901,alto/188093112.34.xml,man,"['a', 'steel', 'handmill', 'will', 'by', 'the', 'help', 'of', 'only', 'one', 'man', 'grind', 'six', 'or', 'eight', 'bushels', 'in', 'an', 'hour', 'and', 'will']"
1771,"Encyclopaedia Britannica; or, A dictionary of arts and sciences, compiled upon a new plan","First edition, 1771, Volume 1, A-B",/home/tdm/datasets/encyclopaedia-britannica-sample/144133901,alto/188093216.34.xml,man,"['first', 'entrance', 'but', 'was', 'to', 'leap', 'over', 'it', 'bridegroom', 'a', 'man', 'newly', 'married', 'the', 'spouse', 'of', 'the', 'bride', 'the', 'spartan', 'bridegrooms']"
1771,"Encyclopaedia Britannica; or, A dictionary of arts and sciences, compiled upon a new plan","First edition, 1771, Volume 1, A-B",/home/tdm/datasets/encyclopaedia-britannica-sample/144133901,alto/188093242.34.xml,man,"['hath', 'about', 'twelve', 'or', 'fifteen', 'benches', 'for', 'the', 'rowers', 'one', 'man', 'to', 'a', 'bench', 'all', 'the', 'hands', 'aboard', 'are', 'soldiers', 'and']"
1771,"Encyclopaedia Britannica; or, A dictionary of arts and sciences, compiled upon a new plan","First edition, 1771, Volume 1, A-B",/home/tdm/datasets/encyclopaedia-britannica-sample/144133901,alto/188093242.34.xml,man,"['a', 'bench', 'all', 'the', 'hands', 'aboard', 'are', 'soldiers', 'and', 'each', 'man', 'hath', 'his', 'mufquet', 'lying', 'ready', 'under', 'his', 'oar', 'brigg', 'a']"
1771,"Encyclopaedia Britannica; or, A dictionary of arts and sciences, compiled upon a new plan","First edition, 1771, Volume 1, A-B",/home/tdm/datasets/encyclopaedia-britannica-sample/144133901,alto/188093294.34.xml,man,"['according', 'to', 'the', 'laws', 'of', 'moses', 'the', 'brother', 'of', 'a', 'man', 'who', 'died', 'without', 'children', 'was', 'obliged', 'to', 'marry', 'the', 'widow']"
1771,"Encyclopaedia Britannica; or, A dictionary of arts and sciences, compiled upon a new plan","First edition, 1771, Volume 1, A-B",/home/tdm/datasets/encyclopaedia-britannica-sample/144133901,alto/188093333.34.xml,man,"['because', 'usually', 'fashioned', 'like', 'the', 'mouth', 'or', 'face', 'of', 'a', 'man', 'or', 'other', 'animal', 'bucentaur', 'a', 'galeas', 'or', 'large', 'galley', 'of']"
1771,"Encyclopaedia Britannica; or, A dictionary of arts and sciences, compiled upon a new plan","First edition, 1771, Volume 1, A-B",/home/tdm/datasets/encyclopaedia-britannica-sample/144133901,alto/188093359.34.xml,man,"['by', 'the', 'confusion', 'of', 'species', 'that', 'is', 'to', 'say', 'a', 'man', 'or', 'woman', 'with', 'a', 'brute', 'beast', 'or', 'sexes', 'as', 'a']"
1771,"Encyclopaedia Britannica; or, A dictionary of arts and sciences, compiled upon a new plan","First edition, 1771, Volume 1, A-B",/home/tdm/datasets/encyclopaedia-britannica-sample/144133901,alto/188093359.34.xml,man,"['or', 'woman', 'with', 'a', 'brute', 'beast', 'or', 'sexes', 'as', 'a', 'man', 'with', 'a', 'man', 'or', 'man', 'unnaturally', 'with', 'a', 'woman', 'it']"
1771,"Encyclopaedia Britannica; or, A dictionary of arts and sciences, compiled upon a new plan","First edition, 1771, Volume 1, A-B",/home/tdm/datasets/encyclopaedia-britannica-sample/144133901,alto/188093359.34.xml,man,"['a', 'brute', 'beast', 'or', 'sexes', 'as', 'a', 'man', 'with', 'a', 'man', 'or', 'man', 'unnaturally', 'with', 'a', 'woman', 'it', 'is', 'said', 'this']"
1771,"Encyclopaedia Britannica; or, A dictionary of arts and sciences, compiled upon a new plan","First edition, 1771, Volume 1, A-B",/home/tdm/datasets/encyclopaedia-britannica-sample/144133901,alto/188093359.34.xml,man,"['beast', 'or', 'sexes', 'as', 'a', 'man', 'with', 'a', 'man', 'or', 'man', 'unnaturally', 'with', 'a', 'woman', 'it', 'is', 'said', 'this', 'sin', 'against']"
1771,"Encyclopaedia Britannica; or, A dictionary of arts and sciences, compiled upon a new plan","First edition, 1771, Volume 1, A-B",/home/tdm/datasets/encyclopaedia-britannica-sample/144133901,alto/188093437.34.xml,man,"['anirals', 'they', 'threw', 'upon', 'the', 'pile', 'we', 'seldom', 'find', 'a', 'man', 'of', 'quality', 'copfumed', 'without', 'a', 'number', 'of', 'slaves', 'and', 'captives']"
1771,"Encyclopaedia Britannica; or, A dictionary of arts and sciences, compiled upon a new plan","First edition, 1771, Volume 1, A-B",/home/tdm/datasets/encyclopaedia-britannica-sample/144133901,alto/188093463.34.xml,man,"['this', 'art', 'without', 'a', 'licence', 'in', 'form', 'which', 'gave', 'the', 'man', 'upon', 'evidence', 'of', 'his', 'abilities', 'a', 'power', 'to', 'kill', 'meat']"